0, Infinity, 7.48286983923139E9, 8.0737555316699295E9, 2.0450177033056565E31, 8.204714665777354E9, Infinity, 9.28234929109898E9, 8.60310537756078E9, Infinity, Infinity, 2.869686657272142E11, 7.997071320368367E9, 8.357593598837418E9, Infinity, 7.326713368117344E9, Infinity, Infinity, Infinity, 7.226463459836831E9, 8.220807929694426E9, Infinity, Infinity, 7.263527847638164E9, Infinity, 8.559359356611152E9, 6.536788097468273E9, 4.4711241245760236E11, Infinity, 6.746262581362976E9, 8.264738762717324E42, 3.4629110236699495E25, Infinity, 8.142657330620776E9, 1.3652317624487598E10, 8.721523015846312E9, Infinity, 7.340998301983291E11, 6.903798849679584E9, 6.141354694170929E9, Infinity, 5.537181451658626E9, Infinity, Infinity, 8.431716760390397E9, 1.7666360691670613E31, Infinity, 2.0438103243930353E11, 7.673415022760907E9, 7.365320569798441E9, 9.165811770754671E9, 8.288172406004871E9, 9.10057239621454E9, 8.961667364289007E9, 7.1630125875568905E9, 8.179424152189018E9, 8.309516636161135E9, Infinity, 8.018497537009214E9, Infinity, Infinity, 8.248421413969595E9, Infinity, 9.067061845788904E9, Infinity, 7.620301073199109E9, 9.6897301045426E9, 7.7217066861047125E9, 7.305348729283444E9, 7.55916121582911E9, Infinity, 9.299319045596848E9, 5.482702675357892E9, Infinity, 9.22060490883087E9, 8.5436974362579565E9, 8.662354511757442E9, Infinity, 1.0869971156961136E10, 8.16110648531152E9, 8.273880729163761E9, 7.939941133905289E9, Infinity, 7.964300911529496E9, 8.259371680247178E9, 2.2040088775136735E25, 7.195420973627412E9, 7.776724323007087E9, Infinity, 9.144320265134636E9, 6.777807537497456E9, 1.4545351762512321E26, Infinity, 8.140371150148405E9, 7.946391967116782E9, Infinity, 8.057857781032142E9, 5.51538185261454E9, 8.515606290472955E9, 1.4830536700626554E10, 7.336062566792726E9
1, 6.481826813754555E9, 6.510508568312033E9, 6.575855823825772E9, 6.584423678058861E9, 6.813111782985646E9, 6.917774107347808E9, 7.276920422219762E9, 7.38984877928088E9, 7.390514229160152E9, 7.413926410353217E9, 7.482700743327251E9, 7.496062387092632E9, 7.499087285456005E9, 7.559683742026516E9, 7.565731452460145E9, 7.581029946284029E9, 7.614090699420857E9, 7.618674912147298E9, 7.63749182776053E9, 7.686414208964461E9, 7.739766525835627E9, 7.785022209622993E9, 7.793204561748967E9, 7.818816902262693E9, 7.840584559908136E9, 7.877601114155021E9, 7.933988151442842E9, 8.011566377498323E9, 8.013172099125231E9, 8.108718562768363E9, 8.117989892577172E9, 8.120718876886833E9, 8.151609596107867E9, 6.204648090519242E9, 8.205030001390996E9, 8.212090985667938E9, 8.213737493335651E9, 8.27853672194725E9, 8.298015715962859E9, 8.308068934555433E9, 8.308257141314639E9, 8.327821591110424E9, 7.351366093971017E9, 8.360422771808821E9, 8.364869682173695E9, 8.370112947619566E9, 8.4011417794598465E9, 8.455259789876599E9, 8.502295695163803E9, 8.525279082762934E9, 8.5442646895883465E9, 8.548165256970381E9, 8.557818752292417E9, 8.561463856032755E9, 8.669687342133076E9, 8.670183493257595E9, 7.70832720589043E9, 8.720969815848658E9, 8.792120775353964E9, 8.792687435251316E9, 8.835316959823034E9, 8.949393810957209E9, 8.970439382344563E9, 8.985499116187635E9, 9.058839005598688E9, 8.063514809809264E9, 8.068049215151673E9, 9.111562761314703E9, 9.125166078037703E9, 9.126580093463287E9, 9.176838033272287E9, 9.243349511088573E9, 8.271610566425951E9, 8.300053218194591E9, 8.340843468604569E9, 8.404703277309395E9, 9.40528373248159E9, 9.431430462602846E9, 9.439760372412706E9, 9.443284309965555E9, 9.448182980170635E9, 7.547982441936074E9, 9.562030125123245E9, 8.563891826572586E9, 9.59372975472628E9, 9.83055113685439E9, 6.857154807995622E9, 6.918566306696878E9, 9.92784867909097E9, 8.948091017938492E9, 1.0042805537560528E10, 9.131298072507656E9, 8.234495059618887E9, 7.342583969430767E9, 8.427800395296701E9, 9.4589242631409E9, 9.67359851113394E9, 7.736960242229719E9, 8.90287581301379E9, 8.05870190118948E9
2, 6.297107354171029E9, 6.461206339433482E9, 6.574903687865945E9, 6.578076993307076E9, 6.80928323377621E9, 6.96925555384829E9, 6.971559655643091E9, 6.973707957426674E9, 7.014991269928724E9, 7.024942000957996E9, 7.122684068928366E9, 7.240179962407681E9, 7.250235469446311E9, 7.279277525179805E9, 7.291201385990627E9, 7.300945136859185E9, 7.309305495858253E9, 7.324472134437271E9, 7.343838369384456E9, 7.379553434714104E9, 7.395605531661678E9, 7.410737480453585E9, 7.456452322684251E9, 7.465142528501257E9, 7.481665905027931E9, 7.486108963114891E9, 7.504883506140183E9, 7.50827107455565E9, 7.5169147152597475E9, 7.531099590716035E9, 7.558202509922458E9, 7.591015590598833E9, 7.6059411297122755E9, 5.6473554583140335E9, 7.701446245682501E9, 7.707677779409905E9, 7.710629085939248E9, 7.714234327024247E9, 7.720547128543988E9, 7.738845535454077E9, 7.748782232501051E9, 7.752302543339171E9, 7.753674951593832E9, 7.753815077578043E9, 7.772848994282583E9, 7.787322610965536E9, 7.79317662255889E9, 7.810251839432501E9, 7.826490873946768E9, 7.828280347077162E9, 7.828693636066033E9, 7.861298710586226E9, 7.888516238452576E9, 7.896397367008726E9, 7.9019446772312355E9, 7.920233050100206E9, 7.945777657586456E9, 7.959232784167385E9, 7.965706786705138E9, 7.96764105817967E9, 7.9827430789234295E9, 7.990635645371426E9, 8.00828816431866E9, 8.0228703615992985E9, 8.025154285380017E9, 8.026200804686042E9, 8.043582468941065E9, 8.058871661187652E9, 8.093664701105981E9, 8.093894236741501E9, 8.121592857136966E9, 8.134134504834146E9, 8.1419754802252E9, 8.147418588728577E9, 8.15475168692557E9, 8.16151532880681E9, 8.195278349840213E9, 8.199582436531589E9, 8.215910805565931E9, 8.221679142987207E9, 8.222764715680597E9, 7.230498907566284E9, 7.239056386094162E9, 8.281033640627271E9, 8.288265292920283E9, 8.311328812423324E9, 8.322669424730375E9, 8.3231219892925825E9, 8.367488051601902E9, 6.378648445293453E9, 6.391001078553146E9, 8.410457503553257E9, 8.431858451438391E9, 8.440945825370844E9, 8.444323028717462E9, 8.456528021830018E9, 8.477880573038826E9, 8.482700563663916E9, 8.498120154578075E9, 8.515328195184966E9
3, 5.593663820332878E9, 6.276083664015601E9, 6.338587149094597E9, 6.499148381185725E9, 6.648320905493016E9, 6.720622928519596E9, 6.74090571179511E9, 6.769927685598974E9, 6.848170179500899E9, 6.931412735575E9, 6.990761130458689E9, 6.992242377923128E9, 7.022101773387948E9, 7.032277718008311E9, 7.046604700777006E9, 7.0769193539647E9, 7.100827969363755E9, 7.117788831859007E9, 7.123039616524044E9, 7.140488448279053E9, 7.166819541480961E9, 7.201686800022982E9, 7.221150913950209E9, 7.237972989238426E9, 7.248270898184487E9, 7.257377793698665E9, 7.273185604900439E9, 7.298644790984335E9, 7.316272266187095E9, 7.319106292828707E9, 7.385254516845922E9, 7.386597954310181E9, 7.401774142083219E9, 7.431684525241736E9, 7.483417574186443E9, 7.522427330507928E9, 7.527453040266443E9, 7.55023006736622E9, 7.574841053833764E9, 7.577505670118037E9, 7.581041540569143E9, 7.594672339210019E9, 7.641657264145387E9, 7.659665162081252E9, 6.662362845888743E9, 7.665759424736997E9, 7.668758131857868E9, 7.702941622413667E9, 7.723707457046816E9, 7.729155993093604E9, 7.737936309887288E9, 7.757740505086329E9, 7.788031837614173E9, 7.823720527560717E9, 7.832950284304637E9, 7.83530816308353E9, 7.8432310307985935E9, 7.855850530887104E9, 7.860197176416145E9, 7.863112690256867E9, 7.919539800556895E9, 7.937672875226076E9, 7.97965505492347E9, 7.98648058419039E9, 7.996653076611791E9, 8.007535302791577E9, 8.008155120595724E9, 8.022357729366214E9, 8.035053644555295E9, 8.038973083195845E9, 8.040510169186684E9, 8.043304794896972E9, 8.053998628445502E9, 8.056534038449575E9, 8.059889387517874E9, 8.101356542914138E9, 8.116544751639832E9, 8.122055375965009E9, 8.130318341650885E9, 8.14964629176655E9, 8.154989357463953E9, 8.1884023334909725E9, 8.210304709359119E9, 8.214555233087679E9, 8.2167364840587435E9, 8.239892924997955E9, 8.244157627865225E9, 8.285372294570633E9, 8.294674340781119E9, 8.2987737381962185E9, 8.31470920886035E9, 8.336730695436842E9, 8.345178157763335E9, 8.351979906571592E9, 8.354023819066556E9, 8.357987884233374E9, 8.373024668541511E9, 8.395625414541386E9, 8.424201506966876E9, 8.428880425288013E9
4, 5.971130749995408E9, 6.163323657718416E9, 6.282296707756489E9, 6.300535649367537E9, 6.320793030944981E9, 6.387492229427512E9, 6.513830994554621E9, 6.542509038190247E9, 6.61832685251164E9, 6.641156923401549E9, 6.706110184494256E9, 6.7070285361936245E9, 6.765485419530684E9, 6.812303880596721E9, 6.829620644505415E9, 6.851140621629549E9, 6.969244540569213E9, 7.030442335405059E9, 7.177563898103117E9, 7.20225574938319E9, 7.304524552650064E9, 7.307368644830952E9, 7.310158989514189E9, 7.346647400035948E9, 7.3535138858684E9, 7.367702856188308E9, 7.3843500919352045E9, 7.399956816968568E9, 7.416649021305521E9, 7.425764436045664E9, 7.451241199643807E9, 7.467880999320214E9, 7.5094837027329445E9, 7.5473095690601015E9, 7.550157753204714E9, 7.552302652358808E9, 7.57530839709317E9, 7.597060941921138E9, 7.6236316914797325E9, 7.654183981151667E9, 7.668223505469605E9, 7.671509113883364E9, 7.67474480100106E9, 7.675002445715336E9, 7.676542928657407E9, 7.682293509754746E9, 7.696894302195129E9, 7.702672654737319E9, 7.743539068803134E9, 7.745347261586852E9, 7.780842963187914E9, 7.78157109444663E9, 7.810325030498216E9, 7.8177192717531185E9, 7.826924044065835E9, 7.835705615143588E9, 7.844554656550477E9, 7.852738883178434E9, 7.880428958725667E9, 7.883245574888846E9, 7.8836812462584305E9, 7.888208420761463E9, 7.89250078573859E9, 7.892995107915337E9, 7.918303778592597E9, 7.920293222526422E9, 7.923632731752572E9, 7.930614566720138E9, 7.961433047284326E9, 7.963822842947546E9, 7.965570871638896E9, 7.969099500764862E9, 7.99208130444612E9, 8.01788120078671E9, 8.0182059265992E9, 8.022312234710486E9, 8.031590095531E9, 8.048364660009056E9, 8.049349792845465E9, 8.056639125703765E9, 8.088896436269808E9, 8.108204957860938E9, 8.120321372093358E9, 8.12440582402857E9, 8.133581422899401E9, 8.134256815643359E9, 8.156845205938461E9, 8.161425018259524E9, 8.16246411041951E9, 8.164708035909237E9, 8.172422087877386E9, 8.176809354706726E9, 8.201375927623827E9, 8.201829170964379E9, 8.201994367851958E9, 8.220115332021221E9, 8.232404052353712E9, 8.258802429149368E9, 8.267101080061595E9, 8.2737810405028105E9
5, 6.23393207301827E9, 6.569284197058887E9, 6.6078059740651245E9, 6.661627496396538E9, 6.699110237486023E9, 6.732315347532913E9, 6.803503246643133E9, 6.821796988494849E9, 6.837114157884443E9, 6.905967886115129E9, 6.924487210113067E9, 6.975473703806997E9, 7.00507636260168E9, 7.044005833633846E9, 7.098973888405382E9, 7.124450628647661E9, 7.144655721433868E9, 7.178350119737693E9, 7.188364048310905E9, 7.202536634114388E9, 7.222211285515546E9, 7.245509192802494E9, 7.251818174430641E9, 7.271403705405566E9, 7.272970801573888E9, 7.276217034588607E9, 7.276929278784924E9, 7.352277960671388E9, 7.395042245990613E9, 7.435164073317276E9, 7.436963044104018E9, 7.44767547915109E9, 7.44803104562677E9, 7.46992399245527E9, 7.496478042893217E9, 7.505819572061455E9, 7.508589921643473E9, 7.5086783630301285E9, 7.533164305581008E9, 7.536718604800954E9, 7.536772302722709E9, 7.571590963401221E9, 7.610400157941253E9, 7.620025057803208E9, 7.636771170546275E9, 7.642118090390117E9, 7.650479973721245E9, 7.655743309584327E9, 7.65580451849075E9, 7.658472553787766E9, 7.663425642964812E9, 7.678845609270146E9, 7.7407027048377285E9, 7.769702713969977E9, 7.773671652528469E9, 7.776930916008207E9, 7.784616066436741E9, 7.797293103438755E9, 7.79918308328199E9, 7.823051264991478E9, 7.831829930542453E9, 7.855123507884277E9, 7.862602984505646E9, 7.865628875270037E9, 7.871866207378089E9, 7.908884802768599E9, 7.930145385676126E9, 7.939716689319505E9, 7.949361394244773E9, 7.965510349806711E9, 7.987283158016397E9, 8.005676472940864E9, 8.045641109366581E9, 8.0546153447917185E9, 8.055662044302937E9, 8.063842732126466E9, 8.073868478049257E9, 8.097624635748251E9, 8.106292760808377E9, 8.129242343957726E9, 8.138697720333145E9, 8.142768087879511E9, 8.145051984255704E9, 8.155359526445373E9, 8.164031962287634E9, 8.166579421541897E9, 8.1876996023071995E9, 8.233309207164416E9, 8.238286991761347E9, 8.245765246701644E9, 8.265337887247306E9, 8.273874963378697E9, 8.301256668099596E9, 8.305853669928866E9, 8.318456241956318E9, 8.323198745194158E9, 8.347215030616816E9, 8.359356321312251E9, 8.359993594490811E9, 8.378890396880309E9
6, 5.380542933396393E9, 6.045798809890603E9, 6.166363228754345E9, 6.382150899453374E9, 6.393552024758885E9, 6.402772238565391E9, 6.43358516877307E9, 6.527992559534077E9, 6.537867978160106E9, 6.567570176520856E9, 6.604980995721359E9, 6.63138649316767E9, 6.663488037710984E9, 6.728762984773675E9, 6.737412609518681E9, 6.77718819910418E9, 6.829215086136925E9, 6.86498806650233E9, 6.872807551500607E9, 6.894886485077883E9, 7.059100185071731E9, 7.059114197801278E9, 7.064844548818025E9, 7.069035893371046E9, 7.1279453526273775E9, 7.225978184494512E9, 7.25296597369965E9, 7.286998061248769E9, 7.310640221911753E9, 7.339007165041095E9, 7.368395840838199E9, 7.406893478392177E9, 7.42173077095293E9, 7.426791291807278E9, 7.430228292057086E9, 7.433792031120827E9, 7.471827120340491E9, 7.476031364509849E9, 7.476545379210078E9, 7.485519193423543E9, 7.487712514265638E9, 7.510845650175873E9, 7.525467933591574E9, 7.528824484909628E9, 7.542878452690761E9, 7.581408922567647E9, 7.628504573644653E9, 7.656864128231218E9, 7.678963095318295E9, 7.688960109012566E9, 7.692588831650269E9, 7.699348623573729E9, 7.699860741095063E9, 7.712548993504126E9, 7.718642061080268E9, 7.721286094945662E9, 7.768532676432668E9, 7.7785865703925295E9, 7.792126494134403E9, 7.81483553084068E9, 7.817625261839712E9, 7.823327803246494E9, 7.85463370126532E9, 7.855486566706064E9, 7.855777907984102E9, 7.870702469604822E9, 7.873166830324608E9, 7.879700148875693E9, 7.898185160159916E9, 7.92267183406973E9, 7.924563122041519E9, 7.926811967260772E9, 7.957989032534186E9, 7.971190421210551E9, 8.001119303726713E9, 8.0093003606015E9, 8.016745511137673E9, 8.018195107105289E9, 8.019801737052729E9, 8.0663306717085285E9, 8.070199420427827E9, 8.081247508643528E9, 8.091744205503097E9, 8.103021201483579E9, 8.117720613053991E9, 8.136480418562895E9, 8.137999913995154E9, 8.138119657772315E9, 8.147213024672684E9, 8.158477479709319E9, 8.168383092088817E9, 8.173350277293973E9, 8.180794431119904E9, 8.183961407560673E9, 8.206742753150278E9, 8.213855380382631E9, 8.245417567782303E9, 8.259610830577544E9, 8.268520724102666E9, 8.274839212688404E9
7, 6.345865629742454E9, 6.4896453729423895E9, 6.531902355197448E9, 6.606010850082221E9, 6.67813049770749E9, 6.72864018619359E9, 6.774070794330443E9, 6.84459016040705E9, 6.930632527405297E9, 6.977830307609041E9, 7.064535820017797E9, 7.074204356282145E9, 7.108544521458115E9, 7.115518575627561E9, 7.160489789117544E9, 7.186412750586411E9, 7.196003819685021E9, 7.196962443820521E9, 7.233282777132504E9, 7.257820352894689E9, 7.268148042554328E9, 7.294148560547918E9, 7.301112720233788E9, 7.313829853770018E9, 7.317737687852903E9, 7.332141328999098E9, 7.343485291400887E9, 7.387718347222869E9, 7.41714263417605E9, 7.445829536154174E9, 7.468358037993119E9, 7.4686263869751E9, 7.503179617485242E9, 7.503461954369813E9, 7.507065881561394E9, 7.508570728473481E9, 7.533537333195748E9, 7.563350117532216E9, 7.5645308081125145E9, 7.588521628735101E9, 7.596415880678453E9, 7.624579886262263E9, 7.631066647787708E9, 7.651807291328257E9, 7.652931966042559E9, 7.664521671078883E9, 7.690134304848202E9, 7.692327324765839E9, 7.7024619723433485E9, 7.722230703659814E9, 7.732010446215716E9, 7.734695106300858E9, 7.73540953328808E9, 7.741407193516884E9, 7.772363604051264E9, 7.779125957479232E9, 7.792929134926616E9, 7.800390227635052E9, 7.806867987927925E9, 7.81940176496147E9, 7.825653709529403E9, 7.836857773938183E9, 7.8501338420841875E9, 7.851814133087985E9, 7.859539796044878E9, 7.875043644664364E9, 7.895367512695588E9, 7.907879754311012E9, 7.933438453922758E9, 7.956796164261198E9, 7.96020135893149E9, 7.960338520656279E9, 7.960348272526792E9, 7.979374140131093E9, 7.981706849217014E9, 8.00014737966024E9, 8.000163794387365E9, 8.013453721547477E9, 8.021555896962614E9, 8.036055051105298E9, 8.042974276113095E9, 8.043434141487589E9, 8.049843922330339E9, 8.062317815164873E9, 8.114888917748879E9, 8.11933985330833E9, 8.136182904654899E9, 8.138267819719147E9, 8.151309472114734E9, 8.153818190613421E9, 8.166721964018187E9, 8.171873752920366E9, 8.184816188601402E9, 8.196622161332177E9, 8.199854885499277E9, 8.237991355782271E9, 8.2421129093828125E9, 8.264263476653832E9, 8.264666936142033E9, 8.293436401516168E9
8, 6.095580392783223E9, 6.314527790147514E9, 6.43410340239428E9, 6.599938455802558E9, 6.635271109031453E9, 6.891991016879244E9, 6.904224463333572E9, 6.915272260254035E9, 6.96266421316367E9, 6.973579002189123E9, 6.984453686200373E9, 7.007733214679681E9, 7.039723241037119E9, 7.053424525017993E9, 7.058094314349584E9, 7.114571509830687E9, 7.151631548810042E9, 7.156068653943604E9, 7.168347030009632E9, 7.175096036556718E9, 7.1778743150794E9, 7.194521706205195E9, 7.201142760435094E9, 7.202742155573397E9, 7.260707562082575E9, 7.265516798744233E9, 7.282782945245361E9, 7.354792529315647E9, 7.365909708026319E9, 7.392148596770571E9, 7.425224230693622E9, 7.437944179321309E9, 7.4725402363717985E9, 7.472558527583405E9, 7.47946730023321E9, 7.517010134115608E9, 7.522034365018818E9, 7.532063524540965E9, 7.535348413512368E9, 7.536785495117394E9, 7.543663290928257E9, 7.567021028107341E9, 7.57213566802911E9, 7.573004877840177E9, 7.586458667218624E9, 7.595419658876108E9, 7.619567295296932E9, 7.631073369213206E9, 7.64623190621579E9, 7.64892300030125E9, 7.650558405656497E9, 7.683793665337183E9, 7.702009740377718E9, 7.710684023917468E9, 7.730345086919058E9, 7.736231749545678E9, 7.761502003478154E9, 7.77318645819945E9, 7.813076927604558E9, 7.814974471661728E9, 7.816368595841264E9, 7.817221780101214E9, 7.826889672608926E9, 7.862008585285E9, 7.863024456471033E9, 7.88148400526175E9, 7.904490388552754E9, 7.910556654579163E9, 7.9134769190047E9, 7.921466314369603E9, 7.929113979299194E9, 7.936897887481683E9, 7.956577259320674E9, 8.01339301128823E9, 8.028292775956834E9, 8.032436307148848E9, 8.033906491050243E9, 8.040909685740425E9, 8.046267114974045E9, 8.064881365450741E9, 8.065290480224998E9, 8.0660751364267235E9, 8.072306023984359E9, 8.084910053908829E9, 8.088116582134509E9, 8.095222321674926E9, 8.103796193532541E9, 8.130762289043091E9, 8.1435230205136795E9, 8.15530493048874E9, 8.172263157870642E9, 8.177357221435058E9, 8.18936597884831E9, 8.228924903360671E9, 8.243797510681252E9, 8.251672578112201E9, 8.262072593942829E9, 8.266210081796965E9, 8.268486284301859E9, 8.28174368309396E9
9, 5.600382322355435E9, 5.940467337787787E9, 6.08605316795505E9, 6.33620491961227E9, 6.355472810611009E9, 6.459576538539682E9, 6.540305954350554E9, 6.604166833683529E9, 6.666493561245805E9, 6.677489997950458E9, 6.703102946795945E9, 6.733463600377737E9, 6.77634832849179E9, 6.780817972379577E9, 6.787658514634137E9, 6.861667416761283E9, 6.87366235807096E9, 6.879880583548116E9, 6.894750929305806E9, 6.908590557022517E9, 7.068451399240223E9, 7.105020269557061E9, 7.147321294689364E9, 7.162992101030646E9, 7.177872045548775E9, 7.18017027816282E9, 7.199759583245197E9, 7.236156780095039E9, 7.236915933358877E9, 7.240305857164446E9, 7.289273349094898E9, 7.294597890188768E9, 7.308571937674484E9, 7.318881736297997E9, 7.422014855388612E9, 7.42918813669079E9, 7.486524359166191E9, 7.498267811484351E9, 7.505574404755224E9, 7.5203725141048975E9, 7.532566553081734E9, 7.534979770328405E9, 7.560423664275198E9, 7.576444815655545E9, 7.581180103573961E9, 7.585977642848803E9, 7.590226277559788E9, 7.606668258548549E9, 7.623362738803525E9, 7.651252862869911E9, 7.65665634559835E9, 7.6770701841576185E9, 7.695118331807387E9, 7.701978869535849E9, 7.722628299833981E9, 7.725365444918248E9, 7.728508198491902E9, 7.733365883777874E9, 7.741641796189295E9, 7.752951269337646E9, 7.763020296789637E9, 7.775395756240265E9, 7.794535558276067E9, 7.795404293810743E9, 7.798163583094283E9, 7.799989325912383E9, 7.82786134176028E9, 7.828947578935167E9, 7.833134232089193E9, 7.842848112678828E9, 7.847508887745068E9, 7.869181630089209E9, 7.869740138541081E9, 7.877520578362158E9, 7.878177340026786E9, 7.890915067040531E9, 7.900472126975608E9, 7.930134931866846E9, 7.930449702057061E9, 7.944444109858699E9, 7.9592590359027195E9, 7.962822320655764E9, 7.97544049933552E9, 7.978672159745441E9, 8.010013670664865E9, 8.016565557138876E9, 8.079103790032038E9, 8.079275899045025E9, 8.080439526564282E9, 8.092717332875622E9, 8.114767249342187E9, 8.117557117947462E9, 8.1194818625440035E9, 8.1571077502961855E9, 8.161690299072388E9, 8.168706043599404E9, 8.1901131034388485E9, 8.209055126646774E9, 8.211140259308649E9, 8.212776013963714E9
10, 5.673740356778045E9, 6.197004390272318E9, 6.41803147427377E9, 6.439690244151438E9, 6.519563201976542E9, 6.563496650775687E9, 6.756836905015719E9, 6.784406808176626E9, 6.875634497979067E9, 6.927739621351184E9, 6.968909453768792E9, 6.976352427839506E9, 6.98690449866289E9, 7.0094456727671995E9, 7.055871801975873E9, 7.062306339001005E9, 7.067465116037725E9, 7.132844432071001E9, 7.165973256535731E9, 7.1813134024148E9, 7.187635742528228E9, 7.194973193964998E9, 7.197772267738084E9, 7.198682036261694E9, 7.214637133869837E9, 7.255261111491777E9, 7.257950403770059E9, 7.2734394850110445E9, 7.324989251923351E9, 7.32992230979845E9, 7.347952118182192E9, 7.34935242230965E9, 7.3519384907802515E9, 7.372175386686154E9, 7.389719615881179E9, 7.404323148615412E9, 7.417410334084431E9, 7.449939054593222E9, 7.474268603766743E9, 7.504192233402926E9, 7.505040641624046E9, 7.514672994374119E9, 7.52710956990275E9, 7.581121640993258E9, 7.588522891648576E9, 7.591781367939143E9, 7.596483289919001E9, 7.607408318623163E9, 7.640781909181537E9, 7.64120899395322E9, 7.681913492091869E9, 7.687925199869521E9, 7.752356474621335E9, 7.768815042721E9, 7.77090210040202E9, 7.785911244816257E9, 7.785945001614511E9, 7.790433222734888E9, 7.812713470132803E9, 7.814033302087892E9, 7.823914977229222E9, 7.824293420207478E9, 7.835880068960082E9, 7.8376175925907135E9, 7.838831440044873E9, 7.866882598556512E9, 7.9020226245513115E9, 7.91055948643045E9, 7.92162180623027E9, 7.925988630278187E9, 7.928463649479243E9, 7.958383655696566E9, 7.959133478110824E9, 7.97458942422395E9, 7.983277854797785E9, 7.984366471962376E9, 8.004060713218965E9, 8.005667554325959E9, 8.021226135809379E9, 8.021268183524734E9, 8.026149380003102E9, 8.02705873149242E9, 8.027338143425093E9, 8.028293843279643E9, 8.039643327251617E9, 8.044536776960008E9, 8.0457393752012005E9, 8.048013001157541E9, 8.062920746432083E9, 8.083874239901963E9, 8.084249195906982E9, 8.124412647647312E9, 8.1294806924163685E9, 8.132851982101133E9, 8.167652656818333E9, 8.195402818755009E9, 8.2105237211720705E9, 8.250017567674373E9, 8.258205287181099E9, 8.2784522264904785E9
11, 6.258203243261278E9, 6.314397982884804E9, 6.339765283685089E9, 6.381509796967207E9, 6.414545056031788E9, 6.502379342057944E9, 6.568518731788488E9, 6.572400036707991E9, 6.639666115325284E9, 6.798526649521226E9, 6.817088992643481E9, 6.829592820707703E9, 6.83024111223182E9, 6.895799107217295E9, 7.001418779101451E9, 7.0290264956280775E9, 7.064432999248358E9, 7.115241297441894E9, 7.237138928458753E9, 7.245456365625494E9, 7.25027455790524E9, 7.259018773989783E9, 7.275617108239118E9, 7.296439039364382E9, 7.296629821037809E9, 7.331019891650828E9, 7.336725085395378E9, 7.350033429156192E9, 7.358441774791782E9, 7.382233183939435E9, 7.387309649449075E9, 7.457077475276879E9, 7.458119001655487E9, 7.492790917297123E9, 7.507919336721705E9, 7.511770885586833E9, 7.534387475659633E9, 7.543374245451718E9, 7.5560001827855425E9, 7.560387261100783E9, 7.581499294454262E9, 7.587583875205828E9, 7.656239431816878E9, 7.660960998740711E9, 7.664908130845794E9, 7.694112764703038E9, 7.728309780037733E9, 7.732830760637837E9, 7.743278929952481E9, 7.758313381012105E9, 7.758889970029267E9, 7.795266350436298E9, 7.801638833153705E9, 7.820241887725819E9, 7.821801675405914E9, 7.822857668720526E9, 7.835830302822052E9, 7.855222307698407E9, 7.855718080491503E9, 7.856654948259018E9, 7.863445884841914E9, 7.872289317370113E9, 7.884887649282587E9, 7.920751887025986E9, 7.927277299547297E9, 7.93547793699599E9, 7.954655611522163E9, 7.969414461533722E9, 7.97318324791752E9, 7.973736308077359E9, 7.979969287571084E9, 7.983286917638942E9, 7.988558016485815E9, 7.992378610856684E9, 7.994847404020877E9, 8.025051981711276E9, 8.036568183396348E9, 8.040208306688729E9, 8.044050908756882E9, 8.058219023808662E9, 8.060794160045567E9, 8.061803657841389E9, 8.063620546378013E9, 8.065459099825224E9, 8.0671604066547575E9, 8.085288366248573E9, 8.090903945048063E9, 8.108666034517859E9, 8.124374100585218E9, 8.127022714505734E9, 8.141407980072992E9, 8.155029821082371E9, 8.175396457638404E9, 8.1910253145006895E9, 8.203509321544144E9, 8.217318278497298E9, 8.218663877168033E9, 8.228677894621136E9, 8.240147591060878E9, 8.258980674883541E9
12, 6.366865876929653E9, 6.484539536579974E9, 6.566472060323544E9, 6.586127615339566E9, 6.626143363339442E9, 6.66645253409875E9, 6.725029173648707E9, 6.86500079215297E9, 6.885480067776328E9, 6.901432900242998E9, 6.965135824319858E9, 6.9909980914029E9, 7.015764892166474E9, 7.017462855650525E9, 7.075429685784416E9, 7.08795429360264E9, 7.137008677410866E9, 7.160625861836662E9, 7.164274609549639E9, 7.194920253415433E9, 7.223941716575552E9, 7.225682742147534E9, 7.267666042617118E9, 7.268084236772044E9, 7.270425870076666E9, 7.273036321782028E9, 7.273452186301298E9, 7.30038690434667E9, 7.307919658497725E9, 7.3706954015803795E9, 7.428195951448371E9, 7.432618842009379E9, 7.447728647060884E9, 7.456052462977665E9, 7.488159369421257E9, 7.49009653015164E9, 7.492923752854068E9, 7.493115349074912E9, 7.502223029063939E9, 7.513473562893066E9, 7.514277845608577E9, 7.53190179988654E9, 7.544023013586727E9, 7.551291512276251E9, 7.569033542431275E9, 7.577048034742242E9, 7.581294492854344E9, 7.581586722759268E9, 7.61403965885254E9, 7.628888724300715E9, 7.641796063043091E9, 7.650840592045011E9, 7.663600676600892E9, 7.693119770605107E9, 7.700196663791699E9, 7.713022183917143E9, 7.714465936654574E9, 7.727578658094513E9, 7.740488676259836E9, 7.765367569884507E9, 7.785919066577436E9, 7.793799748157966E9, 7.809886143992545E9, 7.813137454807615E9, 7.845264370840267E9, 7.860047495396277E9, 7.867769455722112E9, 7.876542228155828E9, 7.895966929056823E9, 7.912688105008333E9, 7.914646288407919E9, 7.917394139846498E9, 7.919078267547619E9, 7.931771210658254E9, 7.952396823589319E9, 7.9534285270086155E9, 7.989619796920029E9, 7.995972928458879E9, 8.012752594295164E9, 8.0158090615063305E9, 8.035933030057928E9, 8.095767196368178E9, 8.101644771312632E9, 8.105522714233907E9, 8.116233075150439E9, 8.119396268933555E9, 8.120166994928646E9, 8.14818202059346E9, 8.149457266391504E9, 8.159700286944063E9, 8.164497379462922E9, 8.165784254706473E9, 8.195731174102363E9, 8.20409564588431E9, 8.206478923991845E9, 8.267237882373442E9, 8.271134379277846E9, 8.271350562652477E9, 8.30192939589573E9, 8.306008934648928E9
13, 5.082982132367022E9, 5.625642365208695E9, 6.013815863182534E9, 6.143294410052253E9, 6.248291004462709E9, 6.2939693475581665E9, 6.604249679822263E9, 6.646875650696266E9, 6.833411575215584E9, 6.834428231144351E9, 6.867672103082318E9, 6.897163703262295E9, 6.990238898272012E9, 7.003172564539305E9, 7.020997690469868E9, 7.068150398414829E9, 7.106511677535448E9, 7.106876264838069E9, 7.124860860427765E9, 7.145350069161299E9, 7.14577034282512E9, 7.174390890373554E9, 7.188293853141914E9, 7.312818253758745E9, 7.318991524482712E9, 7.333718630894343E9, 7.353446741951929E9, 7.395212038608657E9, 7.429771809301182E9, 7.429951985457385E9, 7.4343205155718155E9, 7.438698934814181E9, 7.457946259738778E9, 7.483220320308426E9, 7.524576712526485E9, 7.525342758819602E9, 7.532565552117696E9, 7.538516141639328E9, 7.545840857175458E9, 7.557609114991196E9, 7.558286864384244E9, 7.582585920935771E9, 7.59996142091375E9, 7.616099410251238E9, 7.631683466895281E9, 7.644255416346166E9, 7.64951560518731E9, 7.649858697325872E9, 7.666843081609252E9, 7.685118534210623E9, 7.692993255635379E9, 7.694014026130232E9, 7.695960458916781E9, 7.701184578375596E9, 7.746473560623814E9, 7.746916796730101E9, 7.765590729512303E9, 7.796470669877399E9, 7.828426920261294E9, 7.847012198484134E9, 7.866522899490053E9, 7.879211436859943E9, 7.882991311735547E9, 7.896739330024673E9, 7.91040138156252E9, 7.917911216504558E9, 7.923393063080677E9, 7.94155179920821E9, 7.946352247789527E9, 7.958466680489939E9, 7.963125807332285E9, 7.970280587931677E9, 8.010903674313249E9, 8.0318097936732E9, 8.0696878018495455E9, 8.072147545580965E9, 8.079032750277313E9, 8.080164016899094E9, 8.112804034463965E9, 8.113742674415799E9, 8.113935836143565E9, 8.128766032959962E9, 8.140435351865757E9, 8.156295766818775E9, 8.165377203010413E9, 8.17619173781671E9, 8.177627121811323E9, 8.1882504313900175E9, 8.192884932102324E9, 8.225586241627435E9, 8.227809973826805E9, 8.240090176322477E9, 8.249788593045284E9, 8.251958556928471E9, 8.262458731678495E9, 8.263888169208506E9, 8.269679263441141E9, 8.275672475332727E9, 8.276493297445792E9, 8.281425919007712E9
14, 6.501682474303065E9, 6.50529170996401E9, 6.538349028779132E9, 6.633749035419988E9, 6.693672718865332E9, 6.787739907606012E9, 6.7957949712782E9, 6.827581290028899E9, 6.853672533993058E9, 6.907717193561351E9, 6.934527805883048E9, 6.934712099844852E9, 6.966815422623108E9, 7.106410877137075E9, 7.173741328577298E9, 7.214128867190111E9, 7.216504752323012E9, 7.258960684704471E9, 7.305781827895381E9, 7.322559637955256E9, 7.356134256121277E9, 7.389943514171546E9, 7.399351057919793E9, 7.408200293562706E9, 7.447882874382159E9, 7.448501695386669E9, 7.4990074555391E9, 7.500098025779012E9, 7.516338437309207E9, 7.5186460404859495E9, 7.528516872932279E9, 7.530609577405626E9, 7.532154578684075E9, 7.577934052574147E9, 7.59081339984619E9, 7.607963873887259E9, 7.609645822484654E9, 7.642022105660921E9, 7.649224443133791E9, 7.665004903500258E9, 7.698653958429228E9, 7.722148661626211E9, 7.728509876145132E9, 7.733731891422218E9, 7.737663160949065E9, 7.74896428424481E9, 7.756641859540366E9, 7.757348160713779E9, 7.761128614159291E9, 7.788043777954825E9, 7.794154326144055E9, 7.816108513842306E9, 7.827647442451275E9, 7.844376789143159E9, 7.846829756692428E9, 7.850223175674784E9, 7.875361314908974E9, 7.918772073539505E9, 6.921822652087475E9, 7.921881984988438E9, 7.952898172752494E9, 7.956975914252992E9, 7.988761527299494E9, 7.993094937697243E9, 8.001758734359677E9, 8.0030396564174185E9, 8.004337475212079E9, 8.007104534108059E9, 8.007262655293066E9, 8.010705674858196E9, 8.018451205922437E9, 8.023055244078114E9, 8.02726497239333E9, 8.037588072408205E9, 8.04049293778475E9, 8.045233723115257E9, 8.053403885777099E9, 8.06061834815531E9, 8.083259639876802E9, 8.101141433359886E9, 8.124688364218977E9, 8.143444230519891E9, 8.14345763902956E9, 8.149014363985208E9, 8.166054088029249E9, 8.193455244443134E9, 8.200826111199084E9, 8.225959533567467E9, 8.2281716706779785E9, 8.228417706757584E9, 8.232148264500779E9, 8.256503153788468E9, 8.273402399180688E9, 8.275706718683828E9, 8.302221703979532E9, 8.317457422401111E9, 8.325838302464324E9, 8.339132238566158E9, 8.345803863253156E9, 8.346679793827322E9
15, 6.416247311986601E9, 6.441111248090512E9, 6.674626791737631E9, 6.682061079569656E9, 6.69318984874352E9, 6.835066333211597E9, 6.9256384715109415E9, 6.986030535407073E9, 7.002857071564877E9, 7.00355484354017E9, 7.066117268675937E9, 7.100367519840772E9, 7.106455305205599E9, 7.139373187540781E9, 7.153518254852477E9, 7.18862445146572E9, 7.221649442134219E9, 7.229937253308989E9, 7.233761503599984E9, 7.25164197872839E9, 7.289397135820668E9, 7.30071604111349E9, 7.3014229450857935E9, 7.302370126630631E9, 7.339034660998625E9, 7.372467953847702E9, 7.388608227108498E9, 7.426088942921467E9, 7.443977780677505E9, 7.446084134758228E9, 7.459136510964755E9, 7.472251009420887E9, 7.48203116034014E9, 7.50024279970924E9, 7.5349029427267885E9, 7.536983629580531E9, 7.55231907768576E9, 7.589259699684653E9, 7.619882828414663E9, 7.623748142118798E9, 7.63691071956472E9, 7.638453634100746E9, 7.638604167342312E9, 7.660327460026438E9, 7.667717568263338E9, 7.669299487575947E9, 7.679926162277722E9, 7.687297476958571E9, 7.695600043037736E9, 7.7116667456950245E9, 7.741535672099477E9, 7.741635178602414E9, 7.753587379693001E9, 7.753907907856445E9, 7.768516837412333E9, 7.800760336570436E9, 7.820021007781496E9, 7.820928838177779E9, 7.840013228237322E9, 7.854673134229002E9, 7.854779341162003E9, 7.856318797473675E9, 7.898584757068678E9, 7.909350620643179E9, 7.91892698187659E9, 7.924867432643993E9, 7.927580572131996E9, 7.930464530977723E9, 7.939854329680465E9, 7.941755101047001E9, 7.975958564084576E9, 7.979971334777989E9, 7.991099593451577E9, 8.01457388574452E9, 8.035071560571415E9, 8.045181381477397E9, 8.045908402237949E9, 8.046235522245895E9, 8.048404481513177E9, 8.050441745024549E9, 8.051546321908826E9, 8.076820038653659E9, 8.077569171263919E9, 8.0814292327171545E9, 8.083448940775365E9, 8.10354185708642E9, 8.128377631711429E9, 8.157421684951093E9, 8.158922074719494E9, 8.16330594532189E9, 8.174206654411551E9, 8.195663962868124E9, 8.198889179175851E9, 8.204999298731951E9, 8.229026722731471E9, 8.26581953811763E9, 8.2928750078210125E9, 8.2935995780215225E9, 8.301115357557689E9, 8.316883320898072E9
16, 6.060850491981192E9, 6.2709760602114E9, 6.314429145005326E9, 6.326721680754485E9, 6.362502264708638E9, 6.498369986815536E9, 6.503617778411803E9, 6.525486403029734E9, 6.576375181684139E9, 6.614229261661269E9, 6.642611861283101E9, 6.775502374596051E9, 6.902161852484175E9, 6.948164014478561E9, 7.00682121216275E9, 7.078291849554883E9, 7.099259991369314E9, 7.11583405282369E9, 7.155105296889438E9, 7.161717542297675E9, 7.1627856021752615E9, 7.214876234994753E9, 7.241853838867822E9, 7.258538332978228E9, 7.272876925190971E9, 7.31362107093384E9, 7.321731877287937E9, 7.346930331334287E9, 7.368806026386374E9, 7.393141562861335E9, 7.429642040713392E9, 7.436608161061089E9, 7.457800238044731E9, 7.460353650660207E9, 7.488016401640284E9, 7.530349586828459E9, 7.530917753216907E9, 7.535765763237385E9, 7.57274631282292E9, 7.593944224244105E9, 7.595065525252722E9, 7.610144250611467E9, 7.669060587916168E9, 7.671190607712329E9, 7.676126655166288E9, 7.683430398041541E9, 7.691901705230535E9, 7.696217544405382E9, 7.727886860388155E9, 7.731271342760078E9, 7.740301654763032E9, 7.753204808135227E9, 7.754069471751159E9, 7.758255885047535E9, 7.7590701139357E9, 7.788663695062381E9, 7.80920642149923E9, 7.816689840478154E9, 7.821838640672844E9, 7.845650747988733E9, 7.849696726231288E9, 7.864965612082455E9, 7.902225967238764E9, 7.912282268265539E9, 7.927111657790066E9, 7.947422207602259E9, 7.958215759675434E9, 7.96280034605541E9, 7.972110102768095E9, 7.977190461732923E9, 7.983580525725386E9, 7.988690642925718E9, 7.991601620681387E9, 8.013197507544714E9, 8.035967253661761E9, 8.03703810000305E9, 8.039514565483687E9, 8.048218304455716E9, 8.067144682593544E9, 8.080497916146079E9, 8.093104613867069E9, 8.094546876664543E9, 8.11153020403416E9, 8.160876624200553E9, 8.171726124110195E9, 8.187658398353025E9, 8.196200803161805E9, 8.19823713725209E9, 8.202308898522847E9, 8.2158897397652235E9, 8.235138964848754E9, 8.299410894708394E9, 8.30239330553285E9, 8.321072540472444E9, 8.349730060159897E9, 8.350098708129935E9, 8.361056145216789E9, 8.3681616465723E9, 8.369845868170162E9, 8.393519895939069E9
17, 6.1700165086815195E9, 6.362242763375094E9, 6.4714904573389015E9, 6.544490106586687E9, 6.609340940242127E9, 6.646973491895891E9, 6.80157548126835E9, 6.830651815980764E9, 6.86605915732824E9, 6.907436183213133E9, 6.91046819271272E9, 6.935887772915671E9, 6.95178204191795E9, 7.057728166953776E9, 7.103591204495059E9, 7.119744556834248E9, 7.133961937381941E9, 7.187869291198233E9, 7.194974254268926E9, 7.214602049799529E9, 7.222785783925214E9, 7.285776922230703E9, 7.296432767345916E9, 7.299609818122494E9, 7.361864630207464E9, 7.432389621238137E9, 7.432669500607971E9, 7.443345033616915E9, 7.485498556497837E9, 7.488807524719059E9, 7.496376751443946E9, 7.515235773583816E9, 7.51665296077692E9, 7.517861386919388E9, 7.5224536046663065E9, 7.544074815809445E9, 7.563055277719936E9, 7.610969424812146E9, 7.629310251753831E9, 7.638851545319692E9, 7.648147311004169E9, 7.662742896177648E9, 7.684994255417759E9, 7.708182583724233E9, 7.712612990123035E9, 7.7400559941701E9, 7.758009289073305E9, 7.766366194714509E9, 7.816451533486275E9, 7.824292624448684E9, 7.833730239562829E9, 7.856029304230868E9, 7.859010384047923E9, 7.872761803480022E9, 7.878203610214749E9, 7.89107188290936E9, 7.914272638710183E9, 7.916050308609239E9, 7.92800491913844E9, 7.934157411126197E9, 7.948790605425266E9, 7.953853517262233E9, 7.966354565917982E9, 7.973826048397507E9, 7.974207771418198E9, 7.984472869028328E9, 7.990224439283483E9, 7.9945599017335415E9, 7.995366326308602E9, 8.006245793258073E9, 8.023085708655743E9, 8.037527516184734E9, 8.03827085185762E9, 8.041195913974785E9, 8.049255068191504E9, 8.052627560305357E9, 8.0563450558153105E9, 8.061572002561135E9, 8.099864354319321E9, 8.111416665734442E9, 8.115691681602852E9, 8.116345517131819E9, 8.125818189623519E9, 8.131115653680569E9, 8.131857666812467E9, 8.1505721386410675E9, 8.164727180883987E9, 8.170071795622482E9, 8.184554733458867E9, 8.1927646322761965E9, 8.215434054255695E9, 8.228024748359021E9, 8.240099096241608E9, 8.262656223639112E9, 8.273619194572108E9, 8.279019785792628E9, 8.28004486904209E9, 8.284189156840395E9, 8.290561976282789E9, 8.304162819502261E9
18, 5.738440900027418E9, 6.4016084178508E9, 6.419678793984749E9, 6.590128701989274E9, 6.632795721490774E9, 6.653381082740732E9, 6.775849488058892E9, 6.832144403637123E9, 6.880924614334149E9, 6.940635838295077E9, 6.967817592542459E9, 6.9776332286607485E9, 6.993874563694073E9, 7.0393338945609865E9, 7.05216806723983E9, 7.061029710032379E9, 7.0976185995563965E9, 7.194452579794188E9, 7.197078729298753E9, 7.219428769704842E9, 7.243766547149188E9, 7.284418936873807E9, 7.30608803350782E9, 7.309405933463898E9, 7.32117219187263E9, 7.328261100433761E9, 7.35152409218774E9, 7.356326902016264E9, 7.390068597203722E9, 7.398997344016224E9, 7.415700368312235E9, 7.436795157722312E9, 7.44522791615319E9, 7.449755760859386E9, 7.457407717441167E9, 7.460675692864712E9, 7.46849140335602E9, 7.477592428079592E9, 7.482512683550825E9, 7.4991903986734915E9, 7.502039150885812E9, 7.547658019284077E9, 7.552543964062072E9, 7.557803734514767E9, 7.575774018793372E9, 7.587899275043229E9, 7.6032415909556E9, 7.627078806207696E9, 7.64489664993082E9, 7.683530564248073E9, 7.691994084455125E9, 7.695584045009175E9, 7.7023754955388565E9, 7.704213556477109E9, 7.705025589307123E9, 7.711359041846902E9, 7.716519881185203E9, 7.716605360742109E9, 7.738201010521448E9, 7.742290521390296E9, 7.744173509677047E9, 7.762616134360969E9, 7.771513174202497E9, 7.802404174444326E9, 7.816535271087705E9, 7.824940044984972E9, 7.828960139372542E9, 7.875754464491443E9, 7.88868512228777E9, 7.898829850738304E9, 7.913150309326311E9, 7.917090405379086E9, 7.990493726678812E9, 8.008039510916915E9, 8.010262093151817E9, 8.014200527706424E9, 8.018475479226056E9, 8.048268688871986E9, 8.069911059885374E9, 8.07318668537047E9, 8.097491853503565E9, 8.115785808556843E9, 8.116540889213885E9, 8.137223117267132E9, 8.151240285015762E9, 8.160794102719706E9, 8.174748858255851E9, 8.182156837889838E9, 8.201270133128398E9, 8.219845060290669E9, 8.228897433735167E9, 8.236211104519783E9, 8.262400084049156E9, 8.266989563100638E9, 8.272794253237806E9, 8.30392769753059E9, 8.304867843784964E9, 8.314511452150503E9, 8.325038612547441E9, 8.330768523048574E9
19, 4.95241080206723E9, 5.578425090345502E9, 6.10174986319426E9, 6.130543087682614E9, 6.264216917599427E9, 6.349379747083578E9, 6.516779303859881E9, 6.636098199196606E9, 6.688221019949974E9, 6.70281350797451E9, 6.707322905915413E9, 6.72875239817799E9, 6.733425176542569E9, 6.736372021984283E9, 6.797265165407708E9, 6.885158899350671E9, 6.987026338593219E9, 6.988852817848483E9, 7.008591968096592E9, 7.096547520777161E9, 7.09655017086752E9, 7.231318558063744E9, 7.273093190385081E9, 7.285131776603217E9, 7.291307240819026E9, 7.298340724607972E9, 7.304826736831022E9, 7.333386601602143E9, 7.348073496097261E9, 7.388706488476763E9, 7.400496938648078E9, 7.421741262630355E9, 7.44964033600052E9, 7.471726189589361E9, 7.509497632482445E9, 7.512307510247732E9, 7.523965576156454E9, 7.536006882354093E9, 7.553949334515894E9, 7.594661567279567E9, 7.609912608027954E9, 7.614459851196345E9, 7.621418480313351E9, 7.63043623484644E9, 7.655603161074244E9, 7.676540640197917E9, 7.680263379374015E9, 7.720009360865433E9, 7.753781078111082E9, 7.756528926745581E9, 7.768281216025425E9, 7.781064985788577E9, 7.790988957403219E9, 7.814695846445196E9, 7.831150850729152E9, 7.85098115369119E9, 7.86297562919915E9, 7.8676693596793585E9, 7.892341841681308E9, 7.89483084204228E9, 7.899408058729332E9, 7.899934952106898E9, 7.9101808337302065E9, 7.982405069809716E9, 7.982919973373129E9, 7.987203335378014E9, 7.994509728951827E9, 8.016620563043111E9, 8.030655169371559E9, 8.040315758371852E9, 8.045333354270312E9, 8.045355389228564E9, 8.073601097995155E9, 8.084081863642147E9, 8.084206133829109E9, 8.087134832241853E9, 8.088216920054638E9, 8.097740136827478E9, 8.102400960441082E9, 8.105322460237281E9, 8.159601023771342E9, 8.1764149414813175E9, 8.179443357290536E9, 8.183848605293041E9, 8.193580696514976E9, 8.19620201147082E9, 8.2052684956627035E9, 8.211582823000524E9, 8.217652883701964E9, 8.223370731965328E9, 8.237390868826689E9, 8.273201369320258E9, 8.278841396016945E9, 8.288482401761175E9, 8.291773308716027E9, 8.308518070149217E9, 8.31373639345866E9, 8.320646950915447E9, 8.322403145739834E9, 8.341369530716519E9
20, 5.992601237951522E9, 6.240863157120913E9, 6.497379252734871E9, 6.648346193106254E9, 6.683530835198418E9, 6.714283094347244E9, 6.720939498555074E9, 6.767230477160183E9, 6.767847258201379E9, 6.827057364804361E9, 6.93152633600679E9, 6.952341667539078E9, 6.986867849885968E9, 7.008336375626526E9, 7.009610084666184E9, 7.021374632413909E9, 7.056745477943894E9, 7.073220341324718E9, 7.08383809645015E9, 7.088520029392557E9, 7.107262153867094E9, 7.111217926380648E9, 7.112969091663645E9, 7.157189830734345E9, 7.203262451655714E9, 7.229764595837089E9, 7.243360462652933E9, 7.256016815132639E9, 7.275907354411262E9, 7.278949017391051E9, 7.303562900211261E9, 7.312434997584801E9, 7.314656185904536E9, 7.323417000804618E9, 7.422641385623325E9, 7.437017116917883E9, 7.468124261545265E9, 7.475296391481643E9, 7.481809067832668E9, 7.4837875516537695E9, 7.498970636370507E9, 7.511094641287057E9, 7.57660472108505E9, 7.579795059563531E9, 7.5909292950400915E9, 7.596173667163929E9, 7.59798848599946E9, 7.603108343429316E9, 7.608993910419096E9, 7.620043405715025E9, 7.629026460030303E9, 7.635577030885523E9, 7.675703308399571E9, 7.679453212175816E9, 7.690506154796544E9, 7.718657318798379E9, 7.723925426937905E9, 7.727029208532374E9, 7.752031736934433E9, 7.774587029196179E9, 7.792573402255801E9, 7.819336099990001E9, 7.81999619854709E9, 7.820070361698405E9, 7.858382370420293E9, 7.891004817135584E9, 7.892589248859614E9, 7.938973187481083E9, 7.943894675846794E9, 7.954545482605718E9, 7.960918149625042E9, 7.975020259814953E9, 7.9754578520989485E9, 8.004931786449736E9, 8.009825427562562E9, 8.034634179254009E9, 8.081932783242431E9, 8.082611436720452E9, 8.088673966003509E9, 8.096103580511335E9, 8.108226459811396E9, 8.10982933396422E9, 8.11174596959434E9, 8.141616826004339E9, 8.14541800933906E9, 8.14547683486814E9, 8.1662419727898E9, 8.167934286547725E9, 8.197480605342044E9, 8.1996874891712675E9, 8.225529535741329E9, 8.233299545554767E9, 8.248618455620135E9, 8.269562165595837E9, 8.287052429993318E9, 8.293400712633272E9, 8.300805448937848E9, 8.311542546610619E9, 8.350552132565773E9, 8.359868632226964E9
21, 5.733375231904545E9, 6.147427221914383E9, 6.361853207573253E9, 6.420554188239863E9, 6.541352012038708E9, 6.625111245758024E9, 6.707717527436014E9, 6.721697632631673E9, 6.72358415254626E9, 6.873810372309496E9, 6.899302901085613E9, 6.9099341908812275E9, 6.925384507743864E9, 6.941736105980528E9, 6.970632609251537E9, 6.972315040506033E9, 7.071819316425428E9, 7.077411524861536E9, 7.141130548338107E9, 7.148804061649318E9, 7.1539041338584E9, 7.206099008454875E9, 7.219123463281606E9, 7.233552131522225E9, 7.280823612953407E9, 7.295325325902825E9, 7.3029001575867815E9, 7.3468900867645645E9, 7.359265594825014E9, 7.382889822130971E9, 7.457783091233888E9, 7.463952918325039E9, 7.502055340699024E9, 7.532266568756702E9, 7.535005413068107E9, 7.538340199816666E9, 7.5621657910063305E9, 7.564025128559412E9, 7.564097711325539E9, 7.565716662468181E9, 7.582495202543376E9, 7.614700097659274E9, 7.614726310423729E9, 7.615843340088271E9, 7.628176660850187E9, 7.659267947349394E9, 7.663988614796594E9, 7.665038742683068E9, 7.737435976475022E9, 7.766559338212328E9, 7.803273806941021E9, 7.810151522735689E9, 7.811179423647029E9, 7.820485587988061E9, 7.867888585293939E9, 7.891556838755915E9, 7.911621314263366E9, 7.912364273608282E9, 7.913046933113744E9, 7.935797585816354E9, 7.940956891195774E9, 7.942527573667921E9, 7.957528654214296E9, 7.969749193706839E9, 7.975337833362584E9, 7.984030129048731E9, 7.988806369624684E9, 7.99253675008488E9, 8.025611165703885E9, 8.043794654014315E9, 8.062543824993809E9, 8.107746875537292E9, 8.130270366774908E9, 8.131043662731305E9, 8.140590709818612E9, 8.154408865005465E9, 8.163414979983557E9, 8.173619657473337E9, 8.194402484756744E9, 8.209774253116917E9, 8.237335561414097E9, 8.237594524127094E9, 8.24713128716111E9, 8.275697558620207E9, 8.327673121823695E9, 8.330814949856502E9, 8.331600972734824E9, 8.359583152533172E9, 8.360457928981713E9, 8.361973393269872E9, 8.366372520382704E9, 8.372742617672813E9, 8.384337599924824E9, 8.385660036584192E9, 8.38839591127696E9, 8.400096922707078E9, 8.402785388854354E9, 8.403126409843084E9, 8.406234574625832E9, 8.406358200006928E9
22, 5.5498919994389E9, 6.325138201066774E9, 6.359645612485615E9, 6.541524434417195E9, 6.702460925577203E9, 6.754427612812012E9, 6.762609960187319E9, 6.784980502988972E9, 6.849949451489936E9, 6.851055165166015E9, 6.861659258688808E9, 6.889148459126304E9, 7.009067515784869E9, 7.018091924069571E9, 7.023541759755585E9, 7.05555532697196E9, 7.057101340506183E9, 7.07358885587126E9, 7.076098194466862E9, 7.101010550487199E9, 7.124323867254778E9, 7.145251680797634E9, 7.147476261372267E9, 7.168688857337087E9, 7.184295586803555E9, 7.184842738244385E9, 7.214061879382806E9, 7.237735988238349E9, 7.268368462170686E9, 7.304831606797346E9, 7.311899523169491E9, 7.328208553996193E9, 7.35102590237385E9, 7.351393802556385E9, 7.366551383345612E9, 7.389033663447977E9, 7.398284399764604E9, 7.40060694649186E9, 7.418720851927374E9, 7.4591555568821125E9, 7.461076975944708E9, 7.468837968905298E9, 7.495067355687319E9, 7.547928976259045E9, 7.552763146946374E9, 7.567668861206337E9, 7.59982478368826E9, 7.634477247011928E9, 7.675475789749253E9, 7.695709897580175E9, 7.697202443398086E9, 7.705761294628019E9, 7.751713069073835E9, 7.758653956967818E9, 7.773361751806023E9, 7.805145167121962E9, 7.814866486508514E9, 7.825892536055107E9, 7.839723822796951E9, 7.842559436952057E9, 7.883232377931004E9, 7.916805945614892E9, 7.917370171827687E9, 7.927461221318647E9, 7.938851691421111E9, 7.952859029358309E9, 7.966127576532726E9, 7.991021744704101E9, 7.993872600737876E9, 8.020518774127539E9, 8.023884786582576E9, 8.0335743323770275E9, 8.04820773619574E9, 8.050958799820591E9, 8.059386686151916E9, 8.072408222186527E9, 8.07640710733394E9, 8.085949385818714E9, 8.124900344640125E9, 8.125299385778427E9, 8.131748882067041E9, 8.145478453878798E9, 8.146686801086598E9, 8.150407603469488E9, 8.152102421578998E9, 8.164728182208375E9, 8.177021551767645E9, 8.1779130284487E9, 8.178520254323145E9, 8.179451222527128E9, 8.180888116285343E9, 8.181143696564061E9, 8.18117437816886E9, 7.191416281201509E9, 8.212225177231029E9, 8.215494119125868E9, 8.221761749955925E9, 8.22472181875437E9, 8.249689736022688E9, 8.258020197112557E9
23, 5.696700920579735E9, 6.106578934036903E9, 6.291032912730821E9, 6.335954776815509E9, 6.574171024173992E9, 6.674084910343796E9, 6.675452295385664E9, 6.828313731676225E9, 6.857841552261926E9, 6.91141679593637E9, 6.958284102264996E9, 6.960696195634468E9, 6.966934720276252E9, 7.064595675163246E9, 7.12083588479514E9, 7.129856959498392E9, 7.143570798754838E9, 7.150653443775046E9, 7.156737891513919E9, 7.202168249707571E9, 7.211354206673031E9, 7.274086649794935E9, 7.276335876947727E9, 7.290881663937341E9, 7.301027810470933E9, 7.346044585023849E9, 7.369353452222936E9, 7.378656986946762E9, 7.382955927903675E9, 7.383674324259369E9, 7.437999787241327E9, 7.46969486435074E9, 7.500998092306362E9, 7.512639288557177E9, 7.52269772010704E9, 7.534132544371245E9, 7.576392495282968E9, 7.576965773071525E9, 7.58913496277085E9, 7.592673587276025E9, 7.599205069857484E9, 7.621875550041331E9, 7.627248427024018E9, 7.63665895686928E9, 7.636759403816348E9, 7.66264986351854E9, 7.724853980142318E9, 7.765739117583311E9, 7.769368915740274E9, 7.770822976835227E9, 7.771775906279045E9, 7.778889939297936E9, 7.781434511123554E9, 7.785167988414598E9, 6.790949189830018E9, 7.810137944349025E9, 7.810357614386109E9, 7.8229551472304535E9, 7.854731330843413E9, 7.855159838948801E9, 7.861161210463546E9, 7.884331301867051E9, 7.892323245310775E9, 7.9475195830014715E9, 7.949218493016793E9, 7.970651582342719E9, 7.992934878505648E9, 8.02970829811794E9, 8.030864026371828E9, 8.036559026648317E9, 8.0510648072137785E9, 8.051727499641438E9, 8.056903082090049E9, 8.078538046388382E9, 8.090518230762559E9, 8.101094405614876E9, 8.102971742948249E9, 8.14047340492464E9, 8.141965304321626E9, 8.143275290894637E9, 8.155907564711351E9, 8.172310075933675E9, 8.186427762138657E9, 8.190369681229095E9, 8.203406053915289E9, 8.217108622318328E9, 8.226407098311119E9, 8.232184746064778E9, 8.234141560977887E9, 8.243087052327903E9, 8.246354097849441E9, 8.253778066929263E9, 8.262839063579772E9, 8.282550691053968E9, 8.293406997314349E9, 8.293813555970618E9, 8.301057736824647E9, 8.309837900282002E9, 8.310168592243677E9, 8.31344422979101E9
24, 6.290788626877887E9, 6.515100353439665E9, 6.594465252367998E9, 6.741603615466984E9, 6.771654222526001E9, 6.772518992839626E9, 6.87108002095052E9, 6.961862586631546E9, 6.989099689970328E9, 7.004349000362826E9, 7.007318515233966E9, 7.095351882953354E9, 7.147786394906258E9, 7.225298362967015E9, 7.228143290673397E9, 7.250579101300771E9, 7.259359593657921E9, 7.285209807862964E9, 7.34710501251515E9, 7.392650356085367E9, 7.402559078290804E9, 7.41175353465371E9, 7.414588566184811E9, 7.41515185760537E9, 7.425445900734866E9, 7.43294789070474E9, 7.445600727792377E9, 7.453807748242511E9, 7.471433758941413E9, 7.501912452941766E9, 7.509113785456143E9, 7.519716205872837E9, 7.529556567926558E9, 7.533683788283546E9, 7.542833948557091E9, 7.545327252605133E9, 7.5800191173352375E9, 7.601175061361227E9, 7.601647347209656E9, 7.614884894417004E9, 7.619854957726364E9, 7.626580591605215E9, 7.634781475877094E9, 7.651915446270642E9, 7.652908144281495E9, 7.667878228588047E9, 7.671482333467385E9, 7.675257407656107E9, 7.680129717670069E9, 7.778370438059804E9, 7.850423173229642E9, 7.862862164865283E9, 7.876840446386863E9, 7.887080730548005E9, 7.89617169816271E9, 7.906551294974187E9, 7.908646956409115E9, 7.938962985389058E9, 7.948937556472441E9, 7.953074138021854E9, 7.966041533371047E9, 7.96604576888122E9, 7.972665359380179E9, 7.985876836572876E9, 8.003690825633905E9, 8.007135142810698E9, 8.047166527288747E9, 8.073059422265784E9, 8.085789129730831E9, 8.099295691547874E9, 8.100956647000194E9, 8.102159615015335E9, 8.114494967020124E9, 8.122030942150329E9, 7.125744860912306E9, 8.12741382837999E9, 8.129845900416398E9, 8.146390949442519E9, 8.154551905993611E9, 8.163647050777883E9, 8.166821827834521E9, 8.222643628134533E9, 8.235351001482055E9, 8.254896296155784E9, 8.25774227199331E9, 8.257992928051641E9, 8.26105007095156E9, 8.2655908038087225E9, 8.272750492824908E9, 8.275581544386697E9, 8.282045081911847E9, 8.283322679163213E9, 8.293402023090913E9, 8.334243922448958E9, 8.337950065388482E9, 8.339483018798681E9, 8.348713146337224E9, 8.368778736018238E9, 8.375241645097796E9, 8.387476777044336E9
25, 5.790054078995469E9, 5.928922776285419E9, 6.169459643648885E9, 6.361147922485204E9, 6.566594906695336E9, 6.594749224313382E9, 6.715253491919954E9, 6.741614629908234E9, 6.809682526949761E9, 6.933706126859778E9, 6.943149878944764E9, 6.979109447597239E9, 7.000722449787758E9, 7.045253584623962E9, 7.073146891727054E9, 7.077646335987054E9, 7.0965048419037E9, 7.161988484328061E9, 7.190762712869186E9, 7.334392526442268E9, 7.343358097306883E9, 7.36286376605381E9, 7.388803770803738E9, 7.396351322176507E9, 7.409645976164666E9, 7.412942243264328E9, 7.414771071099196E9, 7.4504551557265E9, 7.452316579679385E9, 7.504333630271615E9, 7.521711153344862E9, 7.528552120715255E9, 7.560149897807539E9, 7.59204817201743E9, 7.630918147734913E9, 7.668017813166382E9, 7.674183300156834E9, 7.713394660286677E9, 7.720675632478028E9, 7.733559178838792E9, 7.741854324192033E9, 7.753260061997407E9, 7.759077811580865E9, 7.764575021156476E9, 7.819669485027211E9, 7.837783921934982E9, 7.845002932782814E9, 7.845983799495116E9, 7.85900134435086E9, 7.8821849171216E9, 7.902942394708432E9, 7.915571606242609E9, 7.953833321550876E9, 7.958530657699764E9, 7.967088831529552E9, 7.985142024980722E9, 7.989003171055136E9, 8.019897765480879E9, 8.037410600536345E9, 8.047336652662508E9, 8.055423862596294E9, 8.064135800624862E9, 8.068797833779588E9, 8.074977530092959E9, 8.075270403464285E9, 8.087089924343722E9, 8.08903649018397E9, 8.098496590650781E9, 8.103065589351998E9, 8.105799679861149E9, 8.139506531905885E9, 8.142458814376056E9, 8.150482288467478E9, 8.152487032147932E9, 8.152704995179087E9, 8.166599248488547E9, 8.175166732395887E9, 8.198871243614915E9, 8.222036646287598E9, 8.233664057359143E9, 8.263484366064956E9, 8.267534846676963E9, 8.2735712211624365E9, 8.278527471591377E9, 8.285485154408882E9, 8.285908563273616E9, 8.299368180723062E9, 8.321147560931487E9, 8.322612783986886E9, 8.325251395858319E9, 8.340555956637608E9, 8.3464158290181675E9, 8.366588572499646E9, 8.366808429043067E9, 8.370468099297706E9, 8.371743584144626E9, 8.371973551156088E9, 8.380682948222191E9, 8.381885518467033E9, 8.391178957519634E9
26, 5.18729193875349E9, 6.481485633507441E9, 6.509933270129151E9, 6.64910532591352E9, 6.72862429911764E9, 6.732673922786945E9, 6.762341194509432E9, 6.763704821469979E9, 6.810268613538234E9, 6.851773747146592E9, 6.8782033299699E9, 6.924859608727666E9, 6.949919316615237E9, 6.9780625204568615E9, 6.981453714094121E9, 7.011387118569287E9, 7.014279460977316E9, 7.016354476100103E9, 7.078542358102778E9, 7.098126679412283E9, 7.144119816689845E9, 7.190174987821861E9, 7.208382052750833E9, 7.23021083979616E9, 7.245844869736095E9, 7.295679292674544E9, 7.320741238899741E9, 7.358565400512143E9, 7.363303037507989E9, 7.373277865418501E9, 7.37458944097545E9, 7.394245828937928E9, 7.39553596599268E9, 7.442533211771182E9, 7.467782407010111E9, 7.518588392158816E9, 7.53847149032808E9, 7.567667696592044E9, 7.60731251157335E9, 7.611198770811109E9, 7.633946389966483E9, 7.641084003561261E9, 7.648256687322649E9, 7.660732592557892E9, 7.691250493569509E9, 7.7213936090024E9, 7.726040658779788E9, 7.72755028508302E9, 7.737404411110277E9, 7.737948963461575E9, 7.738918578039233E9, 7.748627126973535E9, 7.749335748389258E9, 7.762045773427207E9, 7.783141669549739E9, 7.798466803445171E9, 7.80345393438185E9, 7.827783017352602E9, 7.837846994974736E9, 7.862817269965461E9, 7.874926218742048E9, 7.879464893423047E9, 7.890982446552961E9, 7.928807918723658E9, 7.943781072252466E9, 7.981349619683904E9, 7.982746571620104E9, 7.98897238408742E9, 7.98907491252102E9, 8.044217541379827E9, 8.104655634255708E9, 8.112275539407095E9, 8.114641585713375E9, 8.115017091792209E9, 8.117030542559122E9, 8.125734891907146E9, 8.134622338649753E9, 8.138628029884349E9, 8.145693895405591E9, 8.149472924400003E9, 8.166706746595052E9, 8.173477290182781E9, 8.19267993786107E9, 8.197225795436785E9, 8.202095108695888E9, 8.217696579538372E9, 8.221868333039119E9, 8.246398684407688E9, 8.250518181367895E9, 8.251108050506801E9, 8.264788698613019E9, 8.273298074537978E9, 8.309600178036235E9, 8.311232058024196E9, 8.317050081895836E9, 8.322319093811445E9, 8.342903281837137E9, 8.344921514022747E9, 8.351217645873003E9, 8.3992401722010355E9
27, 5.6983533253242445E9, 6.317758702817163E9, 6.37109289445558E9, 6.386147190785886E9, 6.485469411720036E9, 6.588156144392052E9, 6.685290001161011E9, 6.717300754984087E9, 6.758413781152857E9, 6.769114669498956E9, 6.776911162886915E9, 6.813869845862572E9, 6.855134846356135E9, 6.880185910552317E9, 6.892796245642977E9, 6.912224994286211E9, 7.015939518664151E9, 7.025869501583456E9, 7.029991463102141E9, 7.070123362619362E9, 7.074269400579587E9, 7.084481948096524E9, 7.1050656636639185E9, 7.111059457192922E9, 7.1545497485427065E9, 7.194270012837657E9, 7.196743147731258E9, 7.225883781788669E9, 7.231105181117776E9, 7.244610689156859E9, 7.269884711196787E9, 7.2959805019787035E9, 7.298734892399832E9, 7.302092023283818E9, 7.30679681385046E9, 7.332633412653569E9, 7.342620622326056E9, 7.361100028778189E9, 7.361138987376728E9, 7.373062488840696E9, 7.437761614830542E9, 7.4846345491955E9, 7.491360666485263E9, 7.494506037547336E9, 7.508127592914726E9, 7.514330626940918E9, 7.528486128880722E9, 7.534047681561986E9, 7.549200287381299E9, 7.561415015943705E9, 7.598597854674446E9, 7.600067437783921E9, 7.608307733665267E9, 7.618546167600634E9, 7.625811294016929E9, 7.6260769369679575E9, 7.628503300468672E9, 7.630323987643753E9, 7.659544957800076E9, 7.67404480202149E9, 7.685825510349274E9, 7.717858673386621E9, 7.72314306322474E9, 7.776432173216482E9, 7.778720940495214E9, 7.7828563384764185E9, 7.794748109911116E9, 7.822448806171198E9, 7.830446800601125E9, 7.870318647076759E9, 7.877296763744583E9, 7.8788276442934475E9, 7.88961483752677E9, 7.910198425934145E9, 7.9394483466287565E9, 7.965005726811293E9, 8.01604100391847E9, 8.026060574361255E9, 8.026876290231851E9, 8.030254055290268E9, 8.039832655005172E9, 8.062929522338772E9, 8.090097359083555E9, 8.094256092483939E9, 8.108148938506667E9, 8.112836169616253E9, 8.151863342128946E9, 8.1822647624266205E9, 8.198163076556814E9, 8.236091934663311E9, 8.242825622847411E9, 8.246390079880825E9, 8.303311743092251E9, 8.304206414411943E9, 8.304494393874965E9, 8.313011396388428E9, 8.341703842453952E9, 8.343828252052217E9, 8.363085956516277E9, 8.375196294893209E9
28, 5.672759304026905E9, 5.759740670775146E9, 6.010645681326384E9, 6.035357567631186E9, 6.243768407676008E9, 6.258416566684178E9, 6.325447924974983E9, 6.394843352157533E9, 6.420689459578603E9, 6.486110896702344E9, 6.581388206978917E9, 6.691267536288546E9, 6.717288168111553E9, 6.722869399787305E9, 6.735339423401904E9, 6.74021763443535E9, 6.7885679194164295E9, 6.793030272213043E9, 6.891950759812238E9, 6.913486752276628E9, 6.914795148600265E9, 6.931838499194392E9, 6.999480420300348E9, 7.013779467370876E9, 7.036639522486059E9, 7.101597366268653E9, 7.116155482522009E9, 7.137796042720668E9, 7.141158227790976E9, 7.256564810154382E9, 7.271986944920042E9, 7.290655001218437E9, 7.317516805081913E9, 7.324571292585538E9, 7.335453193231869E9, 7.351950867421948E9, 7.356909416639322E9, 7.396165700785215E9, 7.418852628059981E9, 7.442546833469388E9, 7.462739616611525E9, 7.495399027488421E9, 7.5528583804244175E9, 7.584243088026518E9, 7.603620749921018E9, 7.6109774449969425E9, 7.61548564070118E9, 7.627590223413591E9, 7.629757110544254E9, 7.636893606425184E9, 7.650396300851291E9, 7.684665452341314E9, 7.712094158469971E9, 7.722614440741503E9, 7.729056530101761E9, 7.734154808039981E9, 7.7809290921731E9, 7.78803277583029E9, 7.78885653027721E9, 7.803056063287037E9, 7.83614803320307E9, 7.859638112734418E9, 7.893640429590897E9, 7.89425259429405E9, 7.904504419836627E9, 7.921200324846948E9, 7.924370845214011E9, 7.932243634113943E9, 7.938766845870049E9, 7.944207602942501E9, 7.978028036045436E9, 8.001003835511576E9, 8.002319252289131E9, 8.016877785521638E9, 8.020744893951821E9, 8.054811557596145E9, 8.061872669397516E9, 8.064080999342209E9, 8.08092210851944E9, 8.081559697676679E9, 8.084577574254442E9, 8.087494039160669E9, 8.101723224977109E9, 8.126951926897555E9, 8.144828325929433E9, 8.154517110347755E9, 8.170481265123662E9, 8.174843913920222E9, 8.1773880608735075E9, 8.203361229395013E9, 8.209649397775577E9, 8.210243939872558E9, 8.217765828649873E9, 8.231341239225609E9, 8.246672817802531E9, 8.248252095718283E9, 8.252645464567487E9, 8.259423027711772E9, 8.283831390125031E9, 8.300788239647294E9
29, 5.640032699323865E9, 5.709304534017675E9, 5.955089939836946E9, 6.032787801096859E9, 6.492069406028059E9, 6.681913917080549E9, 6.753422948150575E9, 6.867569534970619E9, 6.875183125930992E9, 6.875738044454728E9, 6.884122452818531E9, 6.934024960583761E9, 6.972204973474599E9, 6.9722788689249115E9, 7.03438984849034E9, 7.0556827400551605E9, 7.07549826883414E9, 7.106267569688488E9, 7.115163130634033E9, 7.139159371548534E9, 7.179385002175826E9, 7.2018279079906E9, 7.208418064688856E9, 7.218980076607028E9, 7.240868834325958E9, 7.275429540638453E9, 7.326148185061032E9, 7.338499724400959E9, 7.340265797120673E9, 7.34351777587459E9, 7.366735816473879E9, 7.408512089310521E9, 7.426872195621191E9, 7.434683150227329E9, 7.448462500431543E9, 7.460282698688638E9, 7.461451591145897E9, 7.479362144742185E9, 7.514071737095156E9, 7.540528971196404E9, 7.547438545328957E9, 7.551954323659776E9, 7.572941182702947E9, 7.604847732333837E9, 7.606745758497432E9, 7.611360711483518E9, 7.624290004126248E9, 7.626549592431397E9, 7.646610446328895E9, 7.647198219990322E9, 7.667986333268044E9, 7.670206833912765E9, 7.689859636922353E9, 7.691197643959553E9, 7.695653582531758E9, 7.698561666412622E9, 7.705133048677591E9, 7.707696856162222E9, 7.731389449134345E9, 7.731915506341568E9, 7.74886735804429E9, 7.766199586143786E9, 7.781162517185891E9, 7.783525806593139E9, 7.796285872160678E9, 7.811889164043273E9, 7.821416331506904E9, 7.845547114234297E9, 7.8528269229121895E9, 7.853656398313582E9, 7.863536415597532E9, 7.890244295061789E9, 7.923239917806772E9, 7.931604721019515E9, 7.946376620084678E9, 7.952625877577975E9, 7.957193651637328E9, 7.958241370897539E9, 7.958703091351793E9, 7.975773278286341E9, 7.97816203910336E9, 7.978525814633251E9, 7.9853626172790575E9, 8.001015667203143E9, 8.004847593729786E9, 8.008212180924753E9, 7.011092231878934E9, 8.021705149234141E9, 8.027600619916298E9, 8.034906671641856E9, 8.035433650478085E9, 8.035840625404274E9, 8.046260499863006E9, 8.0509233008271265E9, 8.085936294792106E9, 8.104419818184708E9, 8.104510838107648E9, 8.122160568304137E9, 8.128573049057758E9, 8.14300374583627E9
30, 6.217974274728699E9, 6.461050838018425E9, 6.55477355560901E9, 6.598283818199847E9, 6.60779728157653E9, 6.672983006960027E9, 6.734879426766414E9, 6.798304066179238E9, 6.804372723702598E9, 6.82770799049799E9, 6.840336739281664E9, 6.855115680212087E9, 6.861591427057653E9, 6.90372636307517E9, 6.91140598412628E9, 6.976778458090208E9, 6.994326292174597E9, 7.132544854697506E9, 7.142153551503752E9, 7.144457281470028E9, 7.169051493608374E9, 7.190863461872692E9, 7.198061163019803E9, 7.208884874524926E9, 7.227234778726146E9, 7.230384663155297E9, 7.238880001870171E9, 7.266251633432494E9, 7.267295939266883E9, 7.281043531133764E9, 7.311017897872202E9, 7.313779030767629E9, 7.339642399086238E9, 7.341032727878929E9, 7.341985302977071E9, 7.351044104047043E9, 7.374978318640828E9, 7.3811002594560375E9, 7.396618676618175E9, 7.404028758790434E9, 7.407732870327301E9, 7.434587257903859E9, 7.44467591580215E9, 7.445433483107294E9, 7.488048405523519E9, 7.495305103122812E9, 7.50210900577419E9, 7.524369856129834E9, 7.538755920301827E9, 7.55991299054104E9, 7.561776683745439E9, 7.564981218387179E9, 7.570058459275852E9, 7.6068201821991825E9, 7.644476153181357E9, 7.648625073250329E9, 7.658645486716663E9, 7.659815217926728E9, 7.663784324179254E9, 7.669296587319557E9, 7.684374884468061E9, 7.717658552424663E9, 7.720755847933356E9, 7.721359019538475E9, 7.755473053465171E9, 7.76724000944936E9, 7.786380653133062E9, 7.792078048544582E9, 7.801758070149728E9, 7.811338771051684E9, 7.812483465907882E9, 7.813453495284693E9, 7.823204547147065E9, 7.855255861218301E9, 7.859334659162175E9, 7.875338548891323E9, 7.877400748860021E9, 7.904270415640914E9, 7.967514870172275E9, 7.988692861888192E9, 7.994576389156014E9, 8.002368225507999E9, 8.0243303037838335E9, 8.042257945921968E9, 8.061881003354985E9, 8.07821607651424E9, 8.081884968388857E9, 8.095181355718193E9, 8.09891656813727E9, 8.101506489756174E9, 8.110016118021757E9, 8.113285957333479E9, 8.150818167558167E9, 8.156593805534319E9, 8.158508073223268E9, 8.164521565010918E9, 8.192012409925275E9, 8.201798634792625E9, 8.206636373518053E9, 8.216069681392504E9
31, 5.769452387437611E9, 6.083685902277659E9, 6.156901613629265E9, 6.327865400952235E9, 6.615031128308346E9, 6.699756027084693E9, 6.83107352672312E9, 6.881912317940969E9, 6.888078048538054E9, 6.992038706352395E9, 7.004505774790552E9, 7.0061851832504225E9, 7.070154710890369E9, 7.092032050512762E9, 7.107420817175019E9, 7.13404892904972E9, 7.1522407439686775E9, 7.180673065357321E9, 7.220803521608713E9, 7.229197180953091E9, 7.258708606121577E9, 7.326705792737564E9, 7.348398965698123E9, 7.357056280565881E9, 7.385879440324368E9, 7.408710332924606E9, 7.410322373948493E9, 7.425966511372891E9, 7.4696130998929615E9, 7.503898302759734E9, 7.544189345327206E9, 7.552925167293625E9, 7.598600395965376E9, 7.654573515971364E9, 7.675626878673816E9, 7.676188625063759E9, 7.678378439912496E9, 7.680698319314868E9, 7.681627714890481E9, 7.683738130590923E9, 7.683963802567481E9, 7.7149795727362995E9, 7.721962569481034E9, 7.722471023641936E9, 7.742412459897796E9, 7.769961562726668E9, 7.774968267683085E9, 7.780344226990652E9, 7.783941175139586E9, 7.790271752587469E9, 7.809454333979957E9, 7.812088560555177E9, 7.824046044958339E9, 7.833640991662446E9, 7.835082676494841E9, 7.854969736987027E9, 7.864849524127363E9, 7.865483723957307E9, 7.898155621895019E9, 7.901397017973838E9, 7.905378673665503E9, 7.9134227804805765E9, 7.939271081122641E9, 7.973696785777838E9, 7.993585479281399E9, 8.017822879151008E9, 8.020923034199905E9, 8.0331306286250725E9, 8.038219815469685E9, 8.04173530338241E9, 8.043081324109722E9, 8.055111776148005E9, 8.064998175924193E9, 8.101773064864853E9, 8.107525355175214E9, 8.123424259683615E9, 8.125990551921222E9, 8.126657312083672E9, 8.134642294584854E9, 8.136539245156535E9, 8.140114479739751E9, 8.140661030740909E9, 8.152957442064269E9, 8.1650784884746275E9, 8.178682724275912E9, 8.200327243010279E9, 8.20125921405202E9, 8.203776950308182E9, 8.228999475630525E9, 8.232621266857514E9, 8.240661298579813E9, 8.251202886329644E9, 8.284234052307843E9, 8.2886089277932E9, 8.290182891775433E9, 8.299768240521733E9, 8.309860486212083E9, 8.340648429432021E9, 8.347601028275622E9, 8.37121838949402E9
32, 5.9686089218359E9, 6.129804982713491E9, 6.39804383892102E9, 6.581949992932476E9, 6.685347986854026E9, 6.707642714468224E9, 6.772470819409356E9, 6.835088156961962E9, 6.912300286462542E9, 6.969996262141987E9, 6.97383716588514E9, 6.991190060829405E9, 6.999084129023134E9, 7.030792538444311E9, 7.034523595995522E9, 7.04463482960136E9, 7.053411600335785E9, 7.054120635569551E9, 7.059971369982206E9, 7.196203763294974E9, 7.223179818932333E9, 7.242766274895447E9, 7.268034120277896E9, 7.283894912529005E9, 7.2987468381160145E9, 7.307788244122167E9, 7.3217389441558275E9, 7.3357111106191E9, 7.35297374165081E9, 7.357906549634056E9, 7.363950879978474E9, 7.403123767494251E9, 7.405256681607769E9, 7.415736267364783E9, 7.460776858846508E9, 7.500968694256586E9, 7.509063411533164E9, 7.528264705182142E9, 7.542487215327881E9, 7.548871252062734E9, 7.55334017651117E9, 7.600691754378362E9, 7.6069588842784605E9, 7.697988174020988E9, 7.699313849862089E9, 7.733143208739417E9, 7.7527745198996725E9, 7.758749919750134E9, 7.764882805127812E9, 7.768766036679143E9, 7.77289756509487E9, 7.797275683966248E9, 7.813919300255384E9, 7.848210124351335E9, 7.861459506859495E9, 7.862120140272471E9, 7.863824298114494E9, 7.867508090812547E9, 7.87059548345393E9, 7.896498033510844E9, 7.908097465265194E9, 7.911267593588124E9, 7.921391068856557E9, 7.92184337897756E9, 7.9299800362845335E9, 7.933364238645407E9, 7.9735885763412485E9, 7.983161315425831E9, 8.013691906392407E9, 8.02733637037159E9, 8.03441888060194E9, 8.038996593736597E9, 8.052890312916538E9, 8.082561437177912E9, 8.084124083732743E9, 8.094502898308399E9, 8.116612074357407E9, 8.119377873403472E9, 8.125654390131774E9, 8.146166956901918E9, 8.157905361413615E9, 8.193868930645752E9, 8.200011144771682E9, 8.200035203585871E9, 8.210090128807562E9, 8.211275062639975E9, 8.221914172621933E9, 8.241116212213136E9, 8.248592632466654E9, 8.284207951744144E9, 8.289643940607402E9, 8.302779416001072E9, 8.305221488781944E9, 8.310132486104736E9, 8.320764207248071E9, 8.351186065769857E9, 8.381472762373321E9, 8.388016864044057E9, 8.393157468673794E9, 8.402518353967312E9
