0, 1.6753228179630041E10, 1.6678688772969076E10, 1.6752280989704237E10, 1.6754391408357668E10, 1.6895525707231773E10, 1.6752280989704237E10, 1.6752280989704237E10, 1.6752280989704237E10, 1.6752280989704237E10, 1.6750170771050798E10, 1.6752280989704237E10, 1.6752280989704237E10, 1.6742359281432392E10, 1.6750170771050798E10, 1.6750170771050798E10, 1.6750170771050798E10, 1.6745393913891005E10, 1.6752280989704237E10, 1.6752280989704237E10, 1.6750170771050798E10, 1.6752280989704237E10, 1.6752280989704237E10, 1.68481846782408E10, 1.6750170771050798E10, 1.6750170771050798E10, 1.6752280989704237E10, 1.6750170771050798E10, 1.6750170771050798E10, 1.6752280989704237E10, 1.6750170771050798E10, 1.6752280989704237E10, 1.6750170771050798E10, 1.6752280989704237E10, 1.6750170771050798E10, 1.6740891066571503E10, 0, 0, 1.6639891299908033E10, 1.6752280989704237E10, 1.6752280989704237E10, 1.6752280989704237E10, 1.6752280989704237E10, 1.6753307604948627E10, 1.6752280989704237E10, 1.6752280989704237E10, 1.6754391408357668E10, 1.6750170771050798E10, 1.6750170771050798E10, 1.6752280989704237E10, 1.6750170771050798E10, 1.6750170771050798E10, 1.6750170771050798E10, 1.6750170771050798E10, 0, 1.6752280989704237E10, 1.6752280989704237E10, 1.6750170771050798E10, 1.6750170771050798E10, 1.6752280989704237E10, 1.6750170771050798E10, 1.6750170771050798E10, 1.6750170771050798E10, 1.6752280989704237E10, 1.6753771490959099E10, 1.6752280989704237E10, 1.6752280989704237E10, 1.6752280989704237E10, 1.6749392669718513E10, 1.6752280989704237E10, 1.6750170771050798E10, 1.6750170771050798E10, 1.6752280989704237E10, Infinity, 1.6624512974521715E10, 1.6752280989704237E10, 1.6750170771050798E10, 1.6692464746336906E10, 1.6750170771050798E10, 1.6752280989704237E10, 1.6752280989704237E10, 1.6752280989704237E10, 1.6752280989704237E10, 1.680726158023045E10, 3.0625894447317366E90, 1.6750170771050798E10, 1.6752280989704237E10, 1.6752280989704237E10, 1.6752280989704237E10, 1.6752280989704237E10, 1.6752280989704237E10, 1.6752280989704237E10, 1.6752280989704237E10, 1.6752280989704237E10, 1.6752280989704237E10, 1.6750170771050798E10, 1.6774736428853504E10, 1.6817071227528229E10, 1.6752280989704237E10, 1.6750170771050798E10, 1.6752280989704237E10, 50, 50, 50, 50, 50, 50, 50, 50, 50, 50, 50, 50, 50, 50, 50, 50, 50, 50, 50, 50, 50, 50, 50, 50, 50, 50, 50, 50, 50, 50, 50, 50, 50, 50, 50, 50, 50, 50, 50, 50, 50, 50, 50, 50, 50, 50, 50, 50, 50, 50, 50, 50, 50, 50, 50, 50, 50, 50, 50, 50, 50, 50, 50, 50, 50, 50, 50, 50, 50, 50, 50, 50, 50, 50, 50, 50, 50, 50, 50, 50, 50, 50, 50, 50, 50, 50, 50, 50, 50, 50, 50, 50, 50, 50, 50, 50, 50, 50, 50, 50
1, 1.655579057236499E10, 1.6639891299908033E10, 1.66566667483504E10, 1.6658582840479511E10, 1.6678688772969076E10, 1.6680052768831896E10, 1.6740891066571503E10, 1.6740891066571503E10, 1.6740891066571503E10, 1.6740891066571503E10, 1.6743000405498169E10, 1.6749392669718513E10, 1.6750170771050798E10, 1.6750170771050798E10, 1.6750170771050798E10, 1.6750170771050798E10, 1.6750170771050798E10, 1.6750170771050798E10, 1.6750170771050798E10, 1.6750170771050798E10, 1.6750170771050798E10, 1.6750170771050798E10, 1.6750170771050798E10, 1.6750170771050798E10, 1.6750170771050798E10, 1.6750170771050798E10, 1.6750170771050798E10, 1.6750170771050798E10, 1.6750170771050798E10, 1.6750170771050798E10, 1.6750170771050798E10, 1.6750170771050798E10, 1.6750170771050798E10, 1.6750170771050798E10, 1.6750170771050798E10, 1.6750170771050798E10, 1.6750170771050798E10, 1.6750170771050798E10, 1.6750170771050798E10, 1.6750170771050798E10, 1.6750170771050798E10, 1.6750170771050798E10, 1.6750170771050798E10, 1.6750170771050798E10, 1.6750170771050798E10, 1.6750170771050798E10, 1.6750170771050798E10, 1.6750170771050798E10, 1.6750170771050798E10, 1.6750170771050798E10, 1.6750170771050798E10, 1.6750170771050798E10, 1.6750170771050798E10, 1.6750170771050798E10, 1.6750170771050798E10, 1.6750170771050798E10, 1.6750170771050798E10, 1.6750170771050798E10, 1.6750170771050798E10, 1.6750170771050798E10, 1.6750170771050798E10, 1.6750170771050798E10, 1.6750170771050798E10, 1.6750170771050798E10, 1.6750170771050798E10, 1.6750170771050798E10, 1.6750170771050798E10, 1.6750170771050798E10, 1.6750170771050798E10, 1.6750170771050798E10, 1.6750170771050798E10, 1.6750170771050798E10, 1.6750170771050798E10, 1.6750170771050798E10, 1.6750170771050798E10, 1.6750170771050798E10, 1.6750170771050798E10, 1.6750170771050798E10, 1.6750170771050798E10, 1.6750170771050798E10, 1.6750170771050798E10, 1.6750170771050798E10, 1.6750170771050798E10, 1.6750170771050798E10, 1.6750170771050798E10, 1.6750170771050798E10, 1.6750170771050798E10, 1.6750170771050798E10, 1.6750170771050798E10, 1.6750170771050798E10, 1.6750170771050798E10, 1.6750170771050798E10, 1.6750170771050798E10, 1.6750170771050798E10, 1.6750170771050798E10, 1.6750170771050798E10, 1.6750170771050798E10, 1.6750170771050798E10, 1.6750170771050798E10, 1.6750170771050798E10, 50, 54, 35, 95, 79, 54, 68, 90, 41, 54, 24, 33, 57, 66, 24, 48, 20, 71, 55, 63, 54, 58, 50, 67, 59, 20, 47, 73, 41, 81, 72, 47, 48, 50, 75, 52, 77, 86, 71, 77, 19, 53, 33, 55, 34, 47, 43, 17, 53, 78, 31, 70, 72, 43, 61, 45, 26, 29, 62, 70, 76, 21, 9, 40, 57, 48, 81, 66, 33, 85, 49, 33, 41, 64, 22, 33, 50, 66, 33, 41, 44, 82, 70, 27, 76, 83, 71, 83, 51, 76, 55, 66, 34, 46, 31, 52, 91, 82, 78, 44
2, 1.6427749547959215E10, 1.6552104648168074E10, 1.6566320702635103E10, 1.6571813368617018E10, 1.6575850135540121E10, 1.6576998873653566E10, 1.6579792912216784E10, 1.661958028240699E10, 1.6626766203745295E10, 1.6639891299908033E10, 1.66566667483504E10, 1.6680052768831896E10, 1.6706458713456757E10, 1.6720703307751335E10, 1.6740891066571503E10, 1.6740891066571503E10, 1.6740891066571503E10, 1.6740891066571503E10, 1.663103461207261E10, 1.6748060752397364E10, 1.6749392669718513E10, 1.6749392669718513E10, 1.6749392669718513E10, 1.6750170771050798E10, 1.6750170771050798E10, 1.6750170771050798E10, 1.6750170771050798E10, 1.6750170771050798E10, 1.6750170771050798E10, 1.6750170771050798E10, 1.6750170771050798E10, 1.6750170771050798E10, 1.6750170771050798E10, 1.6750170771050798E10, 1.6750170771050798E10, 1.6750170771050798E10, 1.6750170771050798E10, 1.6750170771050798E10, 1.6750170771050798E10, 1.6750170771050798E10, 1.6750170771050798E10, 1.6750170771050798E10, 1.6750170771050798E10, 1.6750170771050798E10, 1.6750170771050798E10, 1.6750170771050798E10, 1.6750170771050798E10, 1.6750170771050798E10, 1.6750170771050798E10, 1.6750170771050798E10, 1.6750170771050798E10, 1.6750170771050798E10, 1.6750170771050798E10, 1.6750170771050798E10, 1.6750170771050798E10, 1.6750170771050798E10, 1.6750170771050798E10, 1.6750170771050798E10, 1.6750170771050798E10, 1.6750170771050798E10, 1.6750170771050798E10, 1.6750170771050798E10, 1.6750170771050798E10, 1.6750170771050798E10, 1.6750170771050798E10, 1.6750170771050798E10, 1.6750170771050798E10, 1.6750170771050798E10, 1.6750170771050798E10, 1.6750170771050798E10, 1.6750170771050798E10, 1.6750170771050798E10, 1.6750170771050798E10, 1.6750170771050798E10, 1.6750170771050798E10, 1.6750170771050798E10, 1.6750170771050798E10, 1.6750170771050798E10, 1.6750170771050798E10, 1.6750170771050798E10, 1.6750170771050798E10, 1.6750170771050798E10, 1.6750170771050798E10, 1.6750170771050798E10, 1.6750170771050798E10, 1.6750170771050798E10, 1.6750170771050798E10, 1.6750170771050798E10, 1.6750170771050798E10, 1.6750170771050798E10, 1.6750170771050798E10, 1.6750170771050798E10, 1.6750170771050798E10, 1.6750170771050798E10, 1.6750170771050798E10, 1.6750170771050798E10, 1.6750170771050798E10, 1.6750170771050798E10, 1.6750170771050798E10, 1.6750170771050798E10, 110, 53, 55, 65, 35, 35, 72, 50, 54, 56, 71, 60, 22, 25, 15, 57, 69, 42, 43, 52, 51, 33, 109, 42, 119, 40, 48, 34, 33, 29, 67, 74, 105, 42, 40, 62, 90, 78, 16, 56, 75, 56, 59, 64, 87, 53, 58, 58, 44, 98, 92, 77, 115, 64, 78, 55, 108, 49, 23, 73, 51, 52, 42, 53, 75, 37, 28, 81, 42, 41, 46, 71, 87, 64, 60, 69, 75, 92, 70, 58, 22, 33, 86, 58, 121, 50, 108, 68, 77, 87, 110, 72, 86, 94, 23, 52, 63, 77, 38, 91
3, 1.655579057236499E10, 1.655579057236499E10, 1.655579057236499E10, 1.655579057236499E10, 1.6563375409143263E10, 1.651126688638857E10, 1.663103461207261E10, 1.6632739714136713E10, 1.6635839426122501E10, 1.6571813368617018E10, 1.6571813368617018E10, 1.6571813368617018E10, 1.6575850135540121E10, 1.6575850135540121E10, 1.6577699104485281E10, 1.6579792912216784E10, 1.6579792912216784E10, 1.6593066296309565E10, 1.6620169879721611E10, 1.6621678086994408E10, 1.6639891299908033E10, 1.6641575386591381E10, 1.66566667483504E10, 1.6658582840479511E10, 1.6658582840479511E10, 1.6680052768831896E10, 1.670435284196869E10, 1.6706458713456757E10, 1.6706458713456757E10, 1.6709722017843367E10, 1.6740891066571503E10, 1.6740891066571503E10, 1.6740891066571503E10, 1.6740891066571503E10, 1.6740891066571503E10, 1.6748060752397364E10, 1.6748060752397364E10, 1.6748060752397364E10, 1.6748465427948238E10, 1.6749392669718513E10, 1.6749392669718513E10, 1.6749392669718513E10, 1.6749392669718513E10, 1.6749742218005482E10, 1.6750170771050798E10, 1.6750170771050798E10, 1.6750170771050798E10, 1.6750170771050798E10, 1.6750170771050798E10, 1.6750170771050798E10, 1.6750170771050798E10, 1.6750170771050798E10, 1.6750170771050798E10, 1.6750170771050798E10, 1.6750170771050798E10, 1.6750170771050798E10, 1.6750170771050798E10, 1.6750170771050798E10, 1.6750170771050798E10, 1.6750170771050798E10, 1.6750170771050798E10, 1.6750170771050798E10, 1.6750170771050798E10, 1.6750170771050798E10, 1.6750170771050798E10, 1.6750170771050798E10, 1.6750170771050798E10, 1.6750170771050798E10, 1.6750170771050798E10, 1.6750170771050798E10, 1.6750170771050798E10, 1.6750170771050798E10, 1.6750170771050798E10, 1.6750170771050798E10, 1.6750170771050798E10, 1.6750170771050798E10, 1.6750170771050798E10, 1.6750170771050798E10, 1.6750170771050798E10, 1.6750170771050798E10, 1.6750170771050798E10, 1.6750170771050798E10, 1.6750170771050798E10, 1.6750170771050798E10, 1.6750170771050798E10, 1.6750170771050798E10, 1.6750170771050798E10, 1.6750170771050798E10, 1.6750170771050798E10, 1.6750170771050798E10, 1.6750170771050798E10, 1.6750170771050798E10, 1.6750170771050798E10, 1.6750170771050798E10, 1.6750170771050798E10, 1.6750170771050798E10, 1.6750170771050798E10, 1.6750170771050798E10, 1.6750170771050798E10, 1.6750170771050798E10, 24, 17, 11, 43, 70, 48, 31, 87, 44, 101, 73, 23, 18, 54, 172, 73, 79, 43, 51, 72, 52, 52, 74, 53, 82, 85, 19, 14, 33, 98, 36, 29, 25, 22, 25, 75, 15, 87, 146, 38, 105, 67, 46, 34, 122, 34, 25, 120, 66, 56, 97, 69, 67, 104, 81, 92, 41, 28, 61, 117, 34, 39, 56, 115, 61, 20, 105, 102, 17, 110, 59, 70, 81, 71, 85, 102, 113, 51, 112, 65, 60, 98, 84, 140, 69, 143, 32, 61, 81, 99, 134, 21, 54, 49, 30, 32, 62, 36, 6, 88
4, 1.189097955887317E10, 1.655579057236499E10, 1.655579057236499E10, 1.655579057236499E10, 1.655579057236499E10, 1.655579057236499E10, 1.655579057236499E10, 1.6557228565322218E10, 1.6563375409143263E10, 1.6522038318690216E10, 1.6584627357547405E10, 1.6562095204418413E10, 1.6621348536753298E10, 1.6621348536753298E10, 1.6621348536753298E10, 1.6564228182099934E10, 1.6570013854361547E10, 1.6571813368617018E10, 1.6571813368617018E10, 1.6571813368617018E10, 1.6571813368617018E10, 1.6571813368617018E10, 1.6571813368617018E10, 1.6571813368617018E10, 1.6571813368617018E10, 1.6571813368617018E10, 1.663103461207261E10, 1.663103461207261E10, 1.6632739714136713E10, 1.6575850135540121E10, 1.6575850135540121E10, 1.6575850135540121E10, 1.6575850135540121E10, 1.6575850135540121E10, 1.6577699104485281E10, 1.6635839426122501E10, 1.6579792912216784E10, 1.6579792912216784E10, 1.6579792912216784E10, 1.6579792912216784E10, 1.6579792912216784E10, 1.6579792912216784E10, 1.658163944298307E10, 1.6590033625151392E10, 1.6593066296309565E10, 1.6604833453633627E10, 1.6609440843896812E10, 1.6609440843896812E10, 1.6611537681543903E10, 1.6618316006006403E10, 1.6620169879721611E10, 1.6629988238310562E10, 1.664638087910856E10, 1.66566667483504E10, 1.66566667483504E10, 1.6658582840479511E10, 1.6658582840479511E10, 1.6658582840479511E10, 1.6658582840479511E10, 1.6677350989793425E10, 1.670435284196869E10, 1.670435284196869E10, 1.6706458713456757E10, 1.6706458713456757E10, 1.670761583646846E10, 1.6709722017843367E10, 1.671298687736481E10, 1.6717856434415428E10, 1.6729497363232811E10, 1.6740891066571503E10, 1.6740891066571503E10, 1.6740891066571503E10, 1.6740891066571503E10, 1.6743000405498169E10, 1.674531708792129E10, 1.6745671625504976E10, 1.674778141767999E10, 1.674778141767999E10, 1.674778141767999E10, 1.6749392669718513E10, 1.6749392669718513E10, 1.6749392669718513E10, 1.6749392669718513E10, 1.6749742218005482E10, 1.6749742218005482E10, 1.6750170771050798E10, 1.6750170771050798E10, 1.6750170771050798E10, 1.6750170771050798E10, 1.6750170771050798E10, 1.6750170771050798E10, 1.6750170771050798E10, 1.6750170771050798E10, 1.6750170771050798E10, 1.6750170771050798E10, 1.6750170771050798E10, 1.6750170771050798E10, 1.6750170771050798E10, 1.6750170771050798E10, 1.6750170771050798E10, 96, 26, 51, 40, 43, 20, 35, 27, 36, 90, 64, 25, 60, 19, 27, 51, 49, 116, 78, 33, 82, 54, 54, 167, 18, 39, 51, 76, 146, 83, 39, 63, 62, 61, 146, 35, 82, 64, 78, 62, 94, 69, 200, 49, 33, 66, 41, 102, 38, 59, 72, 57, 177, 38, 92, 75, 80, 66, 89, 32, 48, 23, 11, 17, 147, 108, 40, 89, 91, 42, 39, 26, 103, 67, 41, 39, 95, 54, 112, 52, 72, 74, 19, 35, 37, 46, 92, 55, 28, 41, 52, 99, 45, 106, 145, 28, 127, 124, 28, 39
5, 1.640281126818083E10, 1.6413675954356888E10, 1.6425545011085884E10, 1.642764956040749E10, 1.6505295534207281E10, 1.6519119762860529E10, 1.6557049176316868E10, 1.6562095204418413E10, 1.6562095204418413E10, 1.6563338012891512E10, 1.656335285559678E10, 1.6571813368617018E10, 1.6571813368617018E10, 1.6571813368617018E10, 1.6571813368617018E10, 1.6571813368617018E10, 1.6571813368617018E10, 1.6571813368617018E10, 1.6571813368617018E10, 1.6571813368617018E10, 1.6571813368617018E10, 1.6571813368617018E10, 1.6571813368617018E10, 1.6571813368617018E10, 1.6571813368617018E10, 1.6571813368617018E10, 1.6572106927836031E10, 1.657390661404212E10, 1.657390661404212E10, 1.657390661404212E10, 1.657390661404212E10, 1.6575850135540121E10, 1.6575850135540121E10, 1.6575850135540121E10, 1.6575850135540121E10, 1.6575850135540121E10, 1.6576109339144966E10, 1.6577684279580856E10, 1.6577699104485281E10, 1.6579792912216784E10, 1.6579792912216784E10, 1.6579792912216784E10, 1.6579792912216784E10, 1.6579792912216784E10, 1.6579792912216784E10, 1.6579792912216784E10, 1.6579792912216784E10, 1.6592128610798206E10, 1.6593066296309565E10, 1.6593066296309565E10, 1.6595161571467314E10, 1.6595161571467314E10, 1.6595161571467314E10, 1.6595161571467314E10, 1.660517574712519E10, 1.6609440843896812E10, 1.6609440843896812E10, 1.6609440843896812E10, 1.6609440843896812E10, 1.6609440843896812E10, 1.6610551094849371E10, 1.6611537681543903E10, 1.6611537681543903E10, 1.6612648038396492E10, 1.6612648038396492E10, 1.655579057236499E10, 1.655579057236499E10, 1.655579057236499E10, 1.655579057236499E10, 1.655579057236499E10, 1.655579057236499E10, 1.655579057236499E10, 1.655579057236499E10, 1.655579057236499E10, 1.655579057236499E10, 1.655579057236499E10, 1.655579057236499E10, 1.655579057236499E10, 1.655579057236499E10, 1.655579057236499E10, 1.655579057236499E10, 1.655579057236499E10, 1.655579057236499E10, 1.655579057236499E10, 1.655579057236499E10, 1.655579057236499E10, 1.655579057236499E10, 1.655579057236499E10, 1.655579057236499E10, 1.6557228565322218E10, 1.6557228565322218E10, 1.6557228565322218E10, 1.6557228565322218E10, 1.6557228565322218E10, 1.6563375409143263E10, 1.6563375409143263E10, 1.6631887943092943E10, 1.6640547041847408E10, 1.664638087910856E10, 1.663103461207261E10, 89, 69, 93, 43, 35, 83, 40, 35, 96, 53, 80, 69, 76, 39, 21, 99, 93, 91, 43, 145, 53, 191, 36, 83, 13, 93, 57, 27, 56, 44, 107, 116, 35, 150, 65, 41, 90, 96, 160, 64, 83, 66, 50, 57, 103, 93, 63, 50, 67, 50, 32, 36, 61, 30, 62, 75, 95, 41, 115, 35, 71, 63, 69, 56, 90, 28, 36, 42, 25, 22, 28, 34, 15, 75, 37, 44, 18, 53, 36, 31, 42, 68, 37, 41, 22, 52, 23, 20, 36, 86, 47, 68, 75, 23, 68, 40, 92, 80, 150, 38
6, 1.1788314913384321E10, 1.6382369194727797E10, 1.6395443676013975E10, 1.6396870604876846E10, 1.640281126818083E10, 1.640464581218848E10, 1.6413675954356888E10, 1.6423620179875208E10, 1.6440106781268808E10, 1.6465552814733297E10, 1.64871457438551E10, 1.655579057236499E10, 1.655579057236499E10, 1.655579057236499E10, 1.655579057236499E10, 1.655579057236499E10, 1.655579057236499E10, 1.655579057236499E10, 1.655579057236499E10, 1.655579057236499E10, 1.655579057236499E10, 1.655579057236499E10, 1.655579057236499E10, 1.655579057236499E10, 1.655579057236499E10, 1.655579057236499E10, 1.655579057236499E10, 1.655579057236499E10, 1.655579057236499E10, 1.655579057236499E10, 1.655579057236499E10, 1.655579057236499E10, 1.655579057236499E10, 1.655579057236499E10, 1.655579057236499E10, 1.655579057236499E10, 1.655579057236499E10, 1.655579057236499E10, 1.655579057236499E10, 1.655579057236499E10, 1.655579057236499E10, 1.655579057236499E10, 1.655579057236499E10, 1.655579057236499E10, 1.655579057236499E10, 1.655579057236499E10, 1.655579057236499E10, 1.655579057236499E10, 1.655579057236499E10, 1.655579057236499E10, 1.655579057236499E10, 1.655579057236499E10, 1.655579057236499E10, 1.655579057236499E10, 1.655579057236499E10, 1.655579057236499E10, 1.655579057236499E10, 1.655579057236499E10, 1.655579057236499E10, 1.655579057236499E10, 1.655579057236499E10, 1.655579057236499E10, 1.655579057236499E10, 1.655579057236499E10, 1.655579057236499E10, 1.655579057236499E10, 1.655579057236499E10, 1.655579057236499E10, 1.655579057236499E10, 1.655579057236499E10, 1.655579057236499E10, 1.655579057236499E10, 1.655579057236499E10, 1.655579057236499E10, 1.655579057236499E10, 1.655579057236499E10, 1.655579057236499E10, 1.6556536565380733E10, 1.6557228565322218E10, 1.6557228565322218E10, 1.6556982209259884E10, 1.6557049176316868E10, 1.6562095204418413E10, 1.6562095204418413E10, 1.6562095204418413E10, 1.656335285559678E10, 1.6565430448339832E10, 1.6565666241372696E10, 1.6569820070310543E10, 1.6571813368617018E10, 1.6571813368617018E10, 1.6571813368617018E10, 1.6571813368617018E10, 1.6571813368617018E10, 1.6571813368617018E10, 1.6571813368617018E10, 1.657390661404212E10, 1.657390661404212E10, 1.657390661404212E10, 1.657390661404212E10, 182, 85, 70, 51, 109, 138, 73, 37, 40, 53, 42, 68, 78, 48, 40, 30, 79, 65, 33, 19, 45, 46, 57, 32, 68, 25, 43, 44, 61, 28, 30, 35, 36, 101, 29, 33, 15, 65, 31, 67, 63, 41, 47, 27, 28, 43, 30, 16, 54, 17, 59, 9, 37, 73, 57, 53, 24, 8, 41, 94, 21, 32, 41, 20, 36, 12, 67, 20, 67, 33, 46, 42, 26, 28, 23, 71, 24, 26, 81, 56, 52, 46, 85, 48, 41, 80, 77, 40, 167, 128, 87, 79, 83, 71, 47, 43, 42, 53, 124, 55
7, 1.0182783175655672E10, 1.6056881865547983E10, 1.6382369194727797E10, 1.6382369194727797E10, 1.6395443676013975E10, 1.6395443676013975E10, 1.6396870604876846E10, 1.640281126818083E10, 1.640464581218848E10, 1.640464581218848E10, 1.6412420980000116E10, 1.6423620179875208E10, 1.6423620179875208E10, 1.6423620179875208E10, 1.6425048972852884E10, 1.642764956040749E10, 1.6428889557039007E10, 1.6440106781268808E10, 1.6452195055383612E10, 1.645474087370091E10, 1.646230299389687E10, 1.6463441196028122E10, 1.6465552814733297E10, 1.6465552814733297E10, 1.6471312352183039E10, 1.6484186429626055E10, 1.6550923288913239E10, 1.655443065305563E10, 1.655579057236499E10, 1.655579057236499E10, 1.655579057236499E10, 1.655579057236499E10, 1.655579057236499E10, 1.655579057236499E10, 1.655579057236499E10, 1.655579057236499E10, 1.655579057236499E10, 1.655579057236499E10, 1.655579057236499E10, 1.655579057236499E10, 1.655579057236499E10, 1.655579057236499E10, 1.655579057236499E10, 1.655579057236499E10, 1.655579057236499E10, 1.655579057236499E10, 1.655579057236499E10, 1.655579057236499E10, 1.655579057236499E10, 1.655579057236499E10, 1.655579057236499E10, 1.655579057236499E10, 1.655579057236499E10, 1.655579057236499E10, 1.655579057236499E10, 1.655579057236499E10, 1.655579057236499E10, 1.655579057236499E10, 1.655579057236499E10, 1.655579057236499E10, 1.655579057236499E10, 1.655579057236499E10, 1.655579057236499E10, 1.655579057236499E10, 1.655579057236499E10, 1.655579057236499E10, 1.655579057236499E10, 1.655579057236499E10, 1.655579057236499E10, 1.655579057236499E10, 1.655579057236499E10, 1.655579057236499E10, 1.655579057236499E10, 1.655579057236499E10, 1.655579057236499E10, 1.655579057236499E10, 1.655579057236499E10, 1.655579057236499E10, 1.655579057236499E10, 1.655579057236499E10, 1.655579057236499E10, 1.655579057236499E10, 1.655579057236499E10, 1.655579057236499E10, 1.655579057236499E10, 1.655579057236499E10, 1.655579057236499E10, 1.655579057236499E10, 1.655579057236499E10, 1.655579057236499E10, 1.655579057236499E10, 1.655579057236499E10, 1.655579057236499E10, 1.655579057236499E10, 1.655579057236499E10, 1.655579057236499E10, 1.655579057236499E10, 1.655579057236499E10, 1.655579057236499E10, 1.655579057236499E10, 140, 126, 42, 47, 100, 52, 49, 73, 132, 127, 31, 61, 56, 39, 100, 84, 45, 39, 84, 111, 119, 69, 69, 49, 40, 49, 32, 29, 63, 33, 48, 51, 14, 53, 47, 33, 59, 20, 35, 19, 43, 59, 28, 27, 22, 61, 46, 69, 27, 62, 34, 38, 44, 11, 35, 26, 62, 44, 51, 36, 50, 27, 24, 16, 28, 32, 25, 42, 69, 22, 46, 48, 50, 65, 49, 77, 27, 32, 70, 66, 35, 8, 83, 37, 47, 47, 66, 43, 20, 56, 31, 26, 47, 79, 31, 16, 49, 28, 37, 62
8, 1.632265955004383E10, 1.63841532262148E10, 1.6395443676013975E10, 1.6395443676013975E10, 1.6395443676013975E10, 1.6396683318203276E10, 1.6396870604876846E10, 1.6396870604876846E10, 1.6412420980000116E10, 1.6412420980000116E10, 1.6416070547639349E10, 1.6423620179875208E10, 1.6423620179875208E10, 1.6423620179875208E10, 1.6423620179875208E10, 1.6423620179875208E10, 1.6425048972852884E10, 1.6425048972852884E10, 1.6425699217222784E10, 1.6427128147650074E10, 1.643723758352534E10, 1.6440106781268808E10, 1.6440106781268808E10, 1.6440106781268808E10, 1.6443717783338573E10, 1.6452195055383612E10, 1.6452195055383612E10, 1.6452195055383612E10, 1.6452195055383612E10, 1.646214094039969E10, 1.646230299389687E10, 1.6463441196028122E10, 1.6465552814733297E10, 1.6465552814733297E10, 1.6465552814733297E10, 1.6465552814733297E10, 1.6465552814733297E10, 1.6465552814733297E10, 1.6465552814733297E10, 1.6466984377416185E10, 1.646738683412907E10, 1.6467635882219614E10, 1.6482101773766254E10, 1.6482101773766254E10, 1.6482101773766254E10, 1.655579057236499E10, 1.655579057236499E10, 1.655579057236499E10, 1.655579057236499E10, 1.655579057236499E10, 1.655579057236499E10, 1.655579057236499E10, 1.655579057236499E10, 1.655579057236499E10, 1.655579057236499E10, 1.655579057236499E10, 1.655579057236499E10, 1.655579057236499E10, 1.655579057236499E10, 1.655579057236499E10, 1.655579057236499E10, 1.655579057236499E10, 1.655579057236499E10, 1.655579057236499E10, 1.655579057236499E10, 1.655579057236499E10, 1.655579057236499E10, 1.655579057236499E10, 1.655579057236499E10, 1.655579057236499E10, 1.655579057236499E10, 1.655579057236499E10, 1.655579057236499E10, 1.655579057236499E10, 1.655579057236499E10, 1.655579057236499E10, 1.655579057236499E10, 1.655579057236499E10, 1.655579057236499E10, 1.655579057236499E10, 1.655579057236499E10, 1.655579057236499E10, 1.655579057236499E10, 1.655579057236499E10, 1.6484186429626055E10, 1.6487048594641768E10, 1.6492020161577957E10, 1.6492020161577957E10, 1.6505684902885382E10, 1.6515815521352121E10, 1.651997362375145E10, 1.6521530801827211E10, 1.6534327340927021E10, 1.6564228182099934E10, 1.6564228182099934E10, 1.6564228182099934E10, 1.6566320702635103E10, 1.6566320702635103E10, 1.6566320702635103E10, 1.6571813368617018E10, 101, 51, 82, 66, 62, 39, 127, 54, 23, 78, 51, 86, 76, 56, 67, 62, 60, 48, 129, 98, 110, 75, 84, 45, 58, 77, 170, 69, 77, 75, 121, 74, 116, 62, 35, 50, 56, 67, 69, 50, 47, 86, 57, 25, 78, 36, 35, 13, 8, 21, 38, 32, 26, 88, 31, 26, 55, 55, 42, 88, 33, 29, 76, 47, 38, 33, 37, 49, 75, 15, 31, 38, 44, 23, 32, 52, 40, 35, 63, 44, 59, 32, 47, 56, 72, 93, 80, 46, 61, 131, 200, 144, 128, 85, 93, 107, 83, 57, 104, 80
9, 1.0633534782221176E10, 1.6210940467380589E10, 1.6210940467380589E10, 1.6372733435767101E10, 1.637406377916455E10, 1.6381212874185738E10, 1.63841532262148E10, 1.6387297287733349E10, 1.6395443676013975E10, 1.6395443676013975E10, 1.6395443676013975E10, 1.6395443676013975E10, 1.6396870604876846E10, 1.6396870604876846E10, 1.6396870604876846E10, 1.6396870604876846E10, 1.6397520000927996E10, 1.6398683694411997E10, 1.6402970162317808E10, 1.6406754043070364E10, 1.641157700965324E10, 1.6412420980000116E10, 1.6412420980000116E10, 1.6412420980000116E10, 1.6412420980000116E10, 1.6412420980000116E10, 1.6412420980000116E10, 1.6423620179875208E10, 1.6423620179875208E10, 1.6423620179875208E10, 1.6423620179875208E10, 1.6423620179875208E10, 1.6423620179875208E10, 1.6423620179875208E10, 1.6423620179875208E10, 1.6423620179875208E10, 1.6423620179875208E10, 1.6423620179875208E10, 1.6423620179875208E10, 1.6423620179875208E10, 1.6423620179875208E10, 1.6423620179875208E10, 1.6423620179875208E10, 1.6423620179875208E10, 1.6425048972852884E10, 1.6425048972852884E10, 1.6425048972852884E10, 1.6425048972852884E10, 1.6425699217222784E10, 1.6425699217222784E10, 1.6425699217222784E10, 1.6427128147650074E10, 1.6431156497257847E10, 1.6431156497257847E10, 1.6433809144217749E10, 1.643723758352534E10, 1.6440106781268808E10, 1.6440106781268808E10, 1.6440106781268808E10, 1.6440106781268808E10, 1.6440106781268808E10, 1.6440106781268808E10, 1.6440222174929918E10, 1.6440428939571224E10, 1.6440428939571224E10, 1.6440428939571224E10, 1.644291267092448E10, 1.6452162443854067E10, 1.6452195055383612E10, 1.645362573635108E10, 1.6454183964093151E10, 1.6454183964093151E10, 1.6461440267358692E10, 1.646214094039969E10, 1.646214094039969E10, 1.646214094039969E10, 1.6462537078474155E10, 1.6462537078474155E10, 1.6465552814733297E10, 1.6465552814733297E10, 1.6465552814733297E10, 1.6465552814733297E10, 1.6465552814733297E10, 1.6465552814733297E10, 1.6465552814733297E10, 1.6465552814733297E10, 1.6465552814733297E10, 1.6465552814733297E10, 1.6466984377416185E10, 1.6466984377416185E10, 1.6467635882219614E10, 1.6467635882219614E10, 1.6471312352183039E10, 1.6482101773766254E10, 1.6482101773766254E10, 1.6482101773766254E10, 1.6483534428055805E10, 1.6485535095828857E10, 1.64871457438551E10, 1.648786570258676E10, 172, 121, 127, 153, 54, 130, 45, 128, 110, 111, 123, 96, 92, 154, 85, 65, 78, 173, 50, 87, 42, 70, 84, 40, 81, 70, 117, 48, 29, 78, 99, 55, 61, 51, 53, 96, 55, 82, 38, 76, 61, 85, 95, 77, 46, 117, 55, 57, 133, 71, 135, 92, 48, 53, 113, 115, 85, 54, 67, 91, 57, 110, 55, 101, 125, 50, 45, 109, 62, 52, 74, 113, 48, 86, 109, 86, 48, 55, 72, 83, 60, 64, 92, 53, 28, 158, 104, 55, 110, 55, 72, 146, 74, 105, 120, 41, 82, 124, 79, 62
10, 1.0633534782221176E10, 1.6254101066250229E10, 1.6272727427699564E10, 1.6305106387616974E10, 1.6353091754430084E10, 1.6370473674749582E10, 1.6372733435767101E10, 1.637406377916455E10, 1.637406377916455E10, 1.637406377916455E10, 1.6376633310201038E10, 1.6376633310201038E10, 1.6381926532516876E10, 1.63841532262148E10, 1.6385221947698511E10, 1.6389979139547707E10, 1.6395443676013975E10, 1.6395443676013975E10, 1.6395443676013975E10, 1.6395443676013975E10, 1.6395443676013975E10, 1.6395443676013975E10, 1.6395443676013975E10, 1.6395443676013975E10, 1.6395443676013975E10, 1.6395443676013975E10, 1.6395443676013975E10, 1.6395443676013975E10, 1.6395443676013975E10, 1.6395443676013975E10, 1.6395443676013975E10, 1.6395443676013975E10, 1.6395443676013975E10, 1.6396870604876846E10, 1.6396870604876846E10, 1.6396870604876846E10, 1.6396870604876846E10, 1.6396870604876846E10, 1.6397520000927996E10, 1.6397520000927996E10, 1.6397520000927996E10, 1.6397520000927996E10, 1.6397520000927996E10, 1.6398683694411997E10, 1.6398683694411997E10, 1.639894706724048E10, 1.6402970162317808E10, 1.6406754043070364E10, 1.641157700965324E10, 1.6412324165331768E10, 1.6412420980000116E10, 1.6412420980000116E10, 1.6412420980000116E10, 1.6412420980000116E10, 1.6412449133651516E10, 1.6413654888088736E10, 1.6419593794696602E10, 1.6423063219238226E10, 1.6423501544685133E10, 1.6423620179875208E10, 1.6423620179875208E10, 1.6423620179875208E10, 1.6423620179875208E10, 1.6423620179875208E10, 1.6423620179875208E10, 1.6423620179875208E10, 1.6423620179875208E10, 1.6423620179875208E10, 1.6423620179875208E10, 1.6423620179875208E10, 1.6423620179875208E10, 1.6423620179875208E10, 1.6423620179875208E10, 1.6423620179875208E10, 1.6423620179875208E10, 1.6423620179875208E10, 1.6423620179875208E10, 1.6423620179875208E10, 1.6423620179875208E10, 1.6423620179875208E10, 1.6423620179875208E10, 1.6424622753291859E10, 1.642474379980529E10, 1.6425048972852884E10, 1.6425048972852884E10, 1.6425048972852884E10, 1.6425699217222784E10, 1.6425699217222784E10, 1.6425699217222784E10, 1.6425699217222784E10, 1.642753021687378E10, 1.6431156497257847E10, 1.6431156497257847E10, 1.6431156497257847E10, 1.6431156497257847E10, 1.6431156497257847E10, 1.6431156497257847E10, 1.6438758088384052E10, 1.6439925629694412E10, 1.6440106781268808E10, 173, 149, 128, 133, 155, 66, 164, 99, 47, 109, 154, 96, 131, 77, 154, 79, 115, 147, 138, 121, 132, 123, 77, 41, 107, 134, 52, 91, 194, 138, 94, 75, 43, 122, 138, 62, 72, 103, 170, 129, 155, 200, 75, 41, 200, 70, 60, 71, 39, 27, 104, 74, 65, 106, 168, 65, 67, 153, 75, 55, 90, 76, 42, 106, 54, 113, 51, 114, 143, 100, 71, 64, 69, 85, 76, 105, 40, 82, 38, 91, 127, 72, 56, 98, 80, 190, 195, 113, 81, 118, 68, 38, 88, 81, 51, 160, 52, 67, 200, 59
11, 1.5747517997882385E10, 1.5820229035453094E10, 1.5957859403873379E10, 1.6210439140942743E10, 1.6211335197273289E10, 1.6305106387616974E10, 1.6305753013363565E10, 1.6331929082861591E10, 1.6345020115520788E10, 1.6355215075706558E10, 1.6367038094025995E10, 1.6370473674749582E10, 1.6370473674749582E10, 1.6372733435767101E10, 1.637406377916455E10, 1.637406377916455E10, 1.637406377916455E10, 1.637406377916455E10, 1.637406377916455E10, 1.637406377916455E10, 1.637406377916455E10, 1.637406377916455E10, 1.6374158860380531E10, 1.6374158860380531E10, 1.6376633310201038E10, 1.6376633310201038E10, 1.6376633310201038E10, 1.6378707822346006E10, 1.6378707822346006E10, 1.638400155493378E10, 1.638400155493378E10, 1.6385221947698511E10, 1.6389979139547707E10, 1.6389979139547707E10, 1.6389979139547707E10, 1.6390916005889324E10, 1.6395443676013975E10, 1.6395443676013975E10, 1.6395443676013975E10, 1.6395443676013975E10, 1.6395443676013975E10, 1.6395443676013975E10, 1.6395443676013975E10, 1.6395443676013975E10, 1.6395443676013975E10, 1.6395443676013975E10, 1.6395443676013975E10, 1.6395443676013975E10, 1.6395443676013975E10, 1.6395443676013975E10, 1.6395443676013975E10, 1.6395443676013975E10, 1.6395443676013975E10, 1.6395443676013975E10, 1.6395443676013975E10, 1.6395443676013975E10, 1.6395443676013975E10, 1.6395443676013975E10, 1.6395443676013975E10, 1.6395443676013975E10, 1.6395443676013975E10, 1.6395443676013975E10, 1.6395443676013975E10, 1.6395443676013975E10, 1.6395443676013975E10, 1.6395443676013975E10, 1.6395443676013975E10, 1.6395443676013975E10, 1.6395443676013975E10, 1.6395675771212008E10, 1.6396357566181742E10, 1.6396870604876846E10, 1.6396870604876846E10, 1.6396870604876846E10, 1.6396870604876846E10, 1.6396870604876846E10, 1.6396870604876846E10, 1.6396870604876846E10, 1.6396870604876846E10, 1.6396870604876846E10, 1.6396870604876846E10, 1.6396870604876846E10, 1.6397520000927996E10, 1.6397520000927996E10, 1.6397520000927996E10, 1.6397520000927996E10, 1.6397520000927996E10, 1.6397520000927996E10, 1.6397520000927996E10, 1.6397520000927996E10, 1.6397520000927996E10, 1.6397520000927996E10, 1.6397734525079569E10, 1.639804782041062E10, 1.6398683694411997E10, 1.6398683694411997E10, 1.639894706724048E10, 1.6399555923326725E10, 1.6399900364644722E10, 1.6401948207630669E10, 64, 155, 200, 145, 200, 123, 189, 151, 87, 154, 170, 149, 54, 163, 76, 71, 145, 33, 118, 51, 67, 83, 70, 165, 75, 151, 156, 72, 185, 123, 114, 176, 83, 128, 94, 113, 76, 59, 116, 73, 195, 140, 57, 178, 113, 104, 163, 99, 183, 67, 198, 200, 163, 200, 124, 64, 199, 149, 142, 81, 84, 182, 86, 137, 130, 200, 121, 172, 100, 164, 163, 132, 79, 125, 106, 115, 106, 177, 163, 157, 117, 88, 82, 161, 146, 200, 200, 84, 110, 125, 74, 159, 84, 118, 95, 142, 138, 79, 48, 194
12, 1.5747517997882385E10, 1.6149135211883442E10, 1.6189744468598093E10, 1.619013880335337E10, 1.6303685546284018E10, 1.6334318402829443E10, 1.634245436288051E10, 1.634245436288051E10, 1.6345020115520788E10, 1.6345020115520788E10, 1.6356639338877651E10, 1.6356639338877651E10, 1.635834632759463E10, 1.635834632759463E10, 1.6369540602933277E10, 1.6370473674749582E10, 1.6370473674749582E10, 1.6370473674749582E10, 1.6370473674749582E10, 1.6370473674749582E10, 1.6370473674749582E10, 1.6370473674749582E10, 1.6372733435767101E10, 1.6372733435767101E10, 1.6373320546031155E10, 1.637406377916455E10, 1.637406377916455E10, 1.637406377916455E10, 1.637406377916455E10, 1.637406377916455E10, 1.637406377916455E10, 1.637406377916455E10, 1.637406377916455E10, 1.637406377916455E10, 1.637406377916455E10, 1.637406377916455E10, 1.637406377916455E10, 1.637406377916455E10, 1.637406377916455E10, 1.6374938043758629E10, 1.6376077975353298E10, 1.6376138043558908E10, 1.6376633310201038E10, 1.6376633310201038E10, 1.6376633310201038E10, 1.6376633310201038E10, 1.6376633310201038E10, 1.6376633310201038E10, 1.6376633310201038E10, 1.6376633310201038E10, 1.6378058993241817E10, 1.6378707822346006E10, 1.6378707822346006E10, 1.6379066427708212E10, 1.6381926532516876E10, 1.6381926532516876E10, 1.638400155493378E10, 1.638400155493378E10, 1.638400155493378E10, 1.638400155493378E10, 1.638400155493378E10, 1.6388265270839394E10, 1.6388360455258123E10, 1.6389979139547707E10, 1.6389979139547707E10, 1.6389979139547707E10, 1.6389979139547707E10, 1.6390916005889324E10, 1.6392054938003405E10, 1.6393369486688625E10, 1.6394952499087433E10, 1.6395443676013975E10, 1.6395443676013975E10, 1.6395443676013975E10, 1.6395443676013975E10, 1.6395443676013975E10, 1.6395443676013975E10, 1.6395443676013975E10, 1.6395443676013975E10, 1.6395443676013975E10, 1.6395443676013975E10, 1.6395443676013975E10, 1.6395443676013975E10, 1.6395443676013975E10, 1.6395443676013975E10, 1.6395443676013975E10, 1.6395443676013975E10, 1.6395443676013975E10, 1.6395443676013975E10, 1.6395443676013975E10, 1.6395443676013975E10, 1.6395443676013975E10, 1.6395443676013975E10, 1.6395443676013975E10, 1.6395443676013975E10, 1.6395443676013975E10, 1.6395443676013975E10, 1.6395443676013975E10, 1.6395443676013975E10, 1.6395443676013975E10, 83, 200, 191, 109, 153, 128, 111, 122, 173, 97, 143, 166, 200, 117, 190, 133, 155, 100, 129, 125, 135, 161, 154, 200, 71, 118, 80, 112, 108, 85, 87, 93, 92, 104, 200, 91, 65, 81, 144, 160, 56, 200, 167, 200, 160, 53, 192, 112, 200, 111, 200, 168, 129, 38, 121, 79, 74, 138, 117, 173, 80, 106, 195, 94, 66, 119, 100, 97, 107, 178, 132, 33, 134, 53, 166, 111, 138, 152, 72, 62, 190, 147, 133, 75, 137, 200, 190, 180, 99, 164, 72, 85, 68, 113, 160, 200, 117, 100, 145, 84
13, 1.5747517997882385E10, 1.5850527292207209E10, 1.5868294047426779E10, 1.600252200310192E10, 1.6189744468598093E10, 1.6189744468598093E10, 1.6191552075328476E10, 1.6211335197273289E10, 1.622995323474436E10, 1.6282396908144405E10, 1.6335334301990416E10, 1.633588557020045E10, 1.633700327921546E10, 1.6338917761554632E10, 1.634235079903559E10, 1.634245436288051E10, 1.634245436288051E10, 1.634245436288051E10, 1.634245436288051E10, 1.634245436288051E10, 1.6346802387730324E10, 1.6354472494123672E10, 1.6355215075706558E10, 1.6356639338877651E10, 1.635834632759463E10, 1.636380283514822E10, 1.6364680464671339E10, 1.6365015473477663E10, 1.6370473674749582E10, 1.6370473674749582E10, 1.6370473674749582E10, 1.6370473674749582E10, 1.6370473674749582E10, 1.6370473674749582E10, 1.6370473674749582E10, 1.6370473674749582E10, 1.6370473674749582E10, 1.6370473674749582E10, 1.6370473674749582E10, 1.6371173545471432E10, 1.6371898949597246E10, 1.6371898949597246E10, 1.6371898949597246E10, 1.637249763293646E10, 1.6372733435767101E10, 1.6372733435767101E10, 1.6372733435767101E10, 1.6372941552945822E10, 1.6373320546031155E10, 1.6373320546031155E10, 1.637406377916455E10, 1.637406377916455E10, 1.637406377916455E10, 1.637406377916455E10, 1.637406377916455E10, 1.637406377916455E10, 1.637406377916455E10, 1.637406377916455E10, 1.637406377916455E10, 1.637406377916455E10, 1.637406377916455E10, 1.637406377916455E10, 1.637406377916455E10, 1.637406377916455E10, 1.637406377916455E10, 1.637406377916455E10, 1.637406377916455E10, 1.637406377916455E10, 1.637406377916455E10, 1.637406377916455E10, 1.637406377916455E10, 1.6374074044966328E10, 1.6374938043758629E10, 1.6374938043758629E10, 1.6376077975353298E10, 1.6376138043558908E10, 1.6376138043558908E10, 1.6376138043558908E10, 1.6376138043558908E10, 1.6376138043558908E10, 1.6376138043558908E10, 1.6376138043558908E10, 1.6376633310201038E10, 1.6376633310201038E10, 1.6376633310201038E10, 1.6376633310201038E10, 1.6376633310201038E10, 1.6376633310201038E10, 1.6376633310201038E10, 1.6376633310201038E10, 1.6376633310201038E10, 1.6376633310201038E10, 1.6376633310201038E10, 1.6376633310201038E10, 1.6376633310201038E10, 1.6376633310201038E10, 1.6376633310201038E10, 1.6377964428767836E10, 1.6378058993241817E10, 1.6378707822346006E10, 118, 67, 170, 200, 168, 132, 107, 131, 125, 119, 127, 200, 200, 176, 200, 131, 132, 154, 93, 123, 200, 200, 144, 167, 142, 81, 115, 134, 200, 49, 168, 160, 114, 173, 168, 200, 85, 174, 98, 200, 152, 126, 200, 100, 200, 200, 92, 79, 63, 200, 200, 111, 90, 48, 122, 106, 82, 122, 63, 167, 115, 121, 190, 142, 200, 200, 149, 63, 90, 200, 27, 102, 179, 148, 136, 86, 146, 132, 200, 83, 126, 140, 146, 165, 152, 200, 75, 200, 106, 200, 103, 154, 200, 135, 107, 50, 99, 193, 200, 106
14, 1.2166419215390907E10, 1.5850527292207209E10, 1.5865785962882029E10, 1.5868294047426779E10, 1.5868294047426779E10, 1.5997473400150826E10, 1.5997473400150826E10, 1.613887194007374E10, 1.6180826271253195E10, 1.6164558260129889E10, 1.6184726575377357E10, 1.6189744468598093E10, 1.6190112881294872E10, 1.619013880335337E10, 1.620591754540875E10, 1.6211335197273289E10, 1.6305106387616974E10, 1.633028848526189E10, 1.6331106518636765E10, 1.6331753930514692E10, 1.6333875140482874E10, 1.633529798756575E10, 1.633606060923131E10, 1.6337088775460669E10, 1.6337548259719725E10, 1.6340340943385921E10, 1.634235079903559E10, 1.634245436288051E10, 1.634245436288051E10, 1.634245436288051E10, 1.634245436288051E10, 1.634245436288051E10, 1.634245436288051E10, 1.634245436288051E10, 1.634509921391035E10, 1.634544959119052E10, 1.6346802387730324E10, 1.6355560364690935E10, 1.636380283514822E10, 1.6365015473477663E10, 1.6365015473477663E10, 1.6365015473477663E10, 1.6365015473477663E10, 1.6365015473477663E10, 1.6366194259563688E10, 1.6368604666586823E10, 1.6368604666586823E10, 1.6368604666586823E10, 1.6368604666586823E10, 1.6369214464991745E10, 1.6369730565672684E10, 1.6370402424509626E10, 1.6370473674749582E10, 1.6370473674749582E10, 1.6370473674749582E10, 1.6370473674749582E10, 1.6370473674749582E10, 1.6370473674749582E10, 1.6370473674749582E10, 1.6370473674749582E10, 1.6370473674749582E10, 1.6370473674749582E10, 1.6370473674749582E10, 1.6370473674749582E10, 1.6370473674749582E10, 1.6370473674749582E10, 1.6370473674749582E10, 1.6370473674749582E10, 1.6370473674749582E10, 1.6371392355927965E10, 1.6371898949597246E10, 1.6371898949597246E10, 1.6371898949597246E10, 1.6371990248601461E10, 1.637199887730333E10, 1.6372497213133951E10, 1.6372733435767101E10, 1.6372733435767101E10, 1.6372733435767101E10, 1.6372733435767101E10, 1.6372733435767101E10, 1.6372733435767101E10, 1.6372733435767101E10, 1.6372733435767101E10, 1.6373320546031155E10, 1.6373320546031155E10, 1.6373320546031155E10, 1.6373324562929333E10, 1.6373324562929333E10, 1.6373636242021376E10, 1.637406377916455E10, 1.637406377916455E10, 1.637406377916455E10, 1.637406377916455E10, 1.637406377916455E10, 1.637406377916455E10, 1.637406377916455E10, 1.637406377916455E10, 1.637406377916455E10, 1.637406377916455E10, 200, 96, 198, 88, 134, 176, 142, 200, 133, 119, 200, 145, 117, 134, 179, 86, 200, 192, 167, 200, 200, 166, 115, 122, 175, 196, 200, 179, 149, 162, 117, 151, 200, 96, 180, 113, 36, 157, 200, 200, 119, 200, 200, 91, 80, 200, 200, 75, 93, 92, 165, 78, 154, 114, 136, 111, 62, 144, 123, 163, 73, 200, 55, 148, 54, 125, 200, 58, 200, 200, 187, 200, 101, 200, 200, 200, 102, 79, 131, 165, 153, 200, 99, 200, 200, 48, 200, 105, 175, 170, 89, 91, 62, 149, 200, 176, 200, 200, 96, 166
15, 1.560778442846439E10, 1.5850527292207209E10, 1.5865785962882029E10, 1.5990010295019026E10, 1.5992110724320261E10, 1.5997473400150826E10, 1.6001228667192654E10, 1.600252200310192E10, 1.609277057815402E10, 1.6141577001335672E10, 1.6145971145120222E10, 1.6147114294463737E10, 1.6147777886840628E10, 1.6148003354826399E10, 1.6184726575377357E10, 1.618521741606606E10, 1.6187862210153286E10, 1.6188082550284328E10, 1.6189744468598093E10, 1.619013880335337E10, 1.619013880335337E10, 1.619013880335337E10, 1.619013880335337E10, 1.6191157714215063E10, 1.6191552075328476E10, 1.6195003451105066E10, 1.6211335197273289E10, 1.6211787955468689E10, 1.628300010765502E10, 1.6305106387616974E10, 1.6325363368052393E10, 1.6326486896991081E10, 1.6329794286576643E10, 1.633028848526189E10, 1.633028848526189E10, 1.6331753930514692E10, 1.6331753930514692E10, 1.6334686880146965E10, 1.6333176636760021E10, 1.6333176636760021E10, 1.6334318402829443E10, 1.633700327921546E10, 1.633700327921546E10, 1.6337088775460669E10, 1.6337088775460669E10, 1.6338842076839487E10, 1.633999774621896E10, 1.6340383348646988E10, 1.634245436288051E10, 1.634245436288051E10, 1.634245436288051E10, 1.634245436288051E10, 1.634245436288051E10, 1.634245436288051E10, 1.634245436288051E10, 1.634245436288051E10, 1.6343877779437914E10, 1.634509921391035E10, 1.6349760749349262E10, 1.635834632759463E10, 1.6365015473477663E10, 1.6365015473477663E10, 1.6365015473477663E10, 1.6365015473477663E10, 1.6365015473477663E10, 1.6365015473477663E10, 1.6365015473477663E10, 1.6367274660863657E10, 1.6367660607935007E10, 1.6367865637980515E10, 1.6368604666586823E10, 1.6368604666586823E10, 1.6369214464991745E10, 1.6370305136807846E10, 1.6370402424509626E10, 1.6370402424509626E10, 1.6370402424509626E10, 1.6370473674749582E10, 1.6370473674749582E10, 1.6370473674749582E10, 1.6370473674749582E10, 1.6370473674749582E10, 1.6370473674749582E10, 1.6370473674749582E10, 1.6370473674749582E10, 1.637231274441408E10, 1.6372497213133951E10, 1.637250057435049E10, 1.637270436293447E10, 1.6372733435767101E10, 1.6372733435767101E10, 1.6372733435767101E10, 1.6373320546031155E10, 1.6373320546031155E10, 1.6373324562929333E10, 1.637406377916455E10, 1.637406377916455E10, 1.637406377916455E10, 1.637406377916455E10, 1.637406377916455E10, 79, 67, 200, 200, 194, 155, 120, 122, 200, 200, 167, 200, 200, 196, 192, 116, 168, 195, 200, 114, 166, 200, 118, 113, 193, 198, 154, 200, 200, 198, 200, 181, 143, 151, 158, 142, 190, 179, 164, 120, 127, 137, 161, 140, 69, 114, 200, 161, 200, 99, 143, 140, 107, 200, 200, 200, 200, 200, 187, 200, 200, 87, 57, 192, 200, 64, 189, 147, 73, 161, 57, 116, 68, 90, 109, 55, 128, 167, 93, 114, 134, 172, 175, 180, 102, 138, 115, 166, 138, 200, 166, 200, 141, 200, 85, 200, 200, 196, 200, 155
16, 1.4959717332801334E10, 1.5748139599983873E10, 1.5850527292207209E10, 1.5860457421184086E10, 1.5916129526718666E10, 1.5995865021160723E10, 1.599887373487456E10, 1.6001228667192654E10, 1.6001228667192654E10, 1.6001228667192654E10, 1.6001228667192654E10, 1.6011987727635904E10, 1.6140570236586092E10, 1.614677955434633E10, 1.614784966985609E10, 1.6148003354826399E10, 1.6149589854048128E10, 1.6152182056067303E10, 1.6179309508383127E10, 1.6179830102879133E10, 1.6184726575377357E10, 1.6184726575377357E10, 1.6184726575377357E10, 1.618521741606606E10, 1.6186085777162952E10, 1.618613609153009E10, 1.6186349523793806E10, 1.6186349523793806E10, 1.6186840402177233E10, 1.6187273390427385E10, 1.6187762542465282E10, 1.6188082550284328E10, 1.6188082550284328E10, 1.6188082550284328E10, 1.6188082550284328E10, 1.6188082550284328E10, 1.6188353123667877E10, 1.6188896534420177E10, 1.618905701222072E10, 1.619013880335337E10, 1.619013880335337E10, 1.619013880335337E10, 1.619013880335337E10, 1.619013880335337E10, 1.619013880335337E10, 1.6190508581183949E10, 1.6190629769735626E10, 1.6194519936900242E10, 1.6211335197273289E10, 1.6322102322578522E10, 1.6325363368052393E10, 1.6326305567480639E10, 1.6326305567480639E10, 1.6326486896991081E10, 1.632968394984106E10, 1.632968394984106E10, 1.632968394984106E10, 1.632968394984106E10, 1.632968394984106E10, 1.6329794286576643E10, 1.633028848526189E10, 1.633028848526189E10, 1.6331106518636765E10, 1.6331106518636765E10, 1.6331753930514692E10, 1.6331753930514692E10, 1.6331753930514692E10, 1.6331753930514692E10, 1.6331753930514692E10, 1.6331753930514692E10, 1.6331753930514692E10, 1.6331933779405636E10, 1.6331935306151985E10, 1.6332358524347288E10, 1.6333176636760021E10, 1.6333176636760021E10, 1.6333241372586178E10, 1.6333376300039127E10, 1.6333875140482874E10, 1.6334318402829443E10, 1.6335670787431623E10, 1.6336125350628502E10, 1.633700327921546E10, 1.633700327921546E10, 1.633700327921546E10, 1.6337088775460669E10, 1.6338511835885983E10, 1.6340383348646988E10, 1.6340383348646988E10, 1.6340493740477203E10, 1.6340988185928097E10, 1.634245436288051E10, 1.634245436288051E10, 1.634245436288051E10, 1.634245436288051E10, 1.634245436288051E10, 1.634245436288051E10, 1.6343877779437914E10, 1.6343877779437914E10, 1.6343877779437914E10, 200, 87, 82, 159, 200, 200, 200, 182, 152, 200, 149, 121, 191, 188, 169, 131, 200, 193, 162, 147, 129, 200, 149, 139, 183, 200, 179, 167, 67, 200, 200, 157, 200, 200, 162, 200, 197, 200, 139, 178, 186, 89, 192, 117, 106, 151, 191, 186, 130, 169, 200, 123, 200, 200, 163, 165, 200, 200, 200, 93, 200, 135, 200, 188, 95, 192, 93, 105, 200, 200, 200, 72, 200, 64, 200, 121, 158, 151, 200, 76, 200, 90, 172, 200, 200, 148, 144, 198, 164, 167, 149, 196, 200, 200, 176, 61, 81, 159, 200, 200
17, 1.418314363428125E10, 1.5575061824165699E10, 1.5601040595602636E10, 1.574471321698407E10, 1.5747517997882385E10, 1.584520271978812E10, 1.5993827750690825E10, 1.6001228667192654E10, 1.6001228667192654E10, 1.6001228667192654E10, 1.6001228667192654E10, 1.6001228667192654E10, 1.6001228667192654E10, 1.600252200310192E10, 1.6010192674675558E10, 1.6012112651873224E10, 1.6043262391330025E10, 1.6098507705426157E10, 1.6141577001335672E10, 1.6152182056067303E10, 1.6172782171413946E10, 1.6176763653137161E10, 1.6177774852674341E10, 1.6178818804933216E10, 1.6179449109624573E10, 1.6179830102879133E10, 1.6179830102879133E10, 1.6180395059873543E10, 1.618055121384612E10, 1.618093826601916E10, 1.618093826601916E10, 1.618142901870902E10, 1.6182670848766642E10, 1.6182670848766642E10, 1.6182670848766642E10, 1.6182670848766642E10, 1.6183618213520634E10, 1.6184293639301483E10, 1.6184293639301483E10, 1.6184490318745815E10, 1.6184726575377357E10, 1.6184726575377357E10, 1.6184726575377357E10, 1.6184726575377357E10, 1.6184726575377357E10, 1.6184726575377357E10, 1.6184833854209814E10, 1.618521741606606E10, 1.618521741606606E10, 1.618521741606606E10, 1.6185706520523342E10, 1.6185706520523342E10, 1.618613609153009E10, 1.618613609153009E10, 1.6186349523793806E10, 1.6186349523793806E10, 1.6186671142478857E10, 1.6187273390427385E10, 1.6187273390427385E10, 1.6188082550284328E10, 1.6188192155260256E10, 1.6188192155260256E10, 1.6188896534420177E10, 1.6188896534420177E10, 1.6188896534420177E10, 1.6188896534420177E10, 1.6188896534420177E10, 1.619013880335337E10, 1.619013880335337E10, 1.619013880335337E10, 1.619013880335337E10, 1.619013880335337E10, 1.619013880335337E10, 1.619013880335337E10, 1.619013880335337E10, 1.619013880335337E10, 1.619013880335337E10, 1.619013880335337E10, 1.619013880335337E10, 1.619013880335337E10, 1.619013880335337E10, 1.6190467495032238E10, 1.6190673906467651E10, 1.619134831532966E10, 1.6191498353193655E10, 1.6191498353193655E10, 1.6191552075328476E10, 1.6191552075328476E10, 1.6191552075328476E10, 1.6191949331067757E10, 1.6192095206509792E10, 1.6192686270555275E10, 1.6192686270555275E10, 1.6192686270555275E10, 1.619513106368652E10, 1.6227894017942183E10, 1.6293134507055271E10, 1.6322102322578522E10, 1.6326305567480639E10, 1.6326305567480639E10, 58, 158, 92, 196, 102, 143, 200, 200, 131, 183, 101, 151, 179, 101, 175, 143, 200, 200, 195, 99, 118, 200, 181, 192, 167, 108, 200, 200, 118, 200, 103, 161, 185, 149, 200, 114, 200, 200, 200, 200, 73, 179, 164, 200, 200, 117, 76, 110, 173, 97, 149, 200, 200, 200, 134, 200, 112, 200, 52, 72, 200, 141, 179, 18, 200, 174, 166, 96, 171, 186, 200, 158, 46, 200, 59, 200, 200, 200, 124, 119, 147, 146, 110, 114, 130, 200, 200, 200, 200, 200, 182, 164, 95, 200, 29, 200, 200, 171, 200, 135
18, 1.5595331539072042E10, 1.5747517997882385E10, 1.5748042498732239E10, 1.585581941068951E10, 1.584520271978812E10, 1.5893117352098087E10, 1.599101251173681E10, 1.5997473400150826E10, 1.5997473400150826E10, 1.5999190870264439E10, 1.6001228667192654E10, 1.6001228667192654E10, 1.6001228667192654E10, 1.6001228667192654E10, 1.6001228667192654E10, 1.6001228667192654E10, 1.6001228667192654E10, 1.6001228667192654E10, 1.6001228667192654E10, 1.600305757829476E10, 1.6003359088028618E10, 1.6036749434323282E10, 1.6051997067652895E10, 1.6081852183049168E10, 1.6099715380754934E10, 1.6100054059563965E10, 1.6109854918483059E10, 1.6139634829720808E10, 1.6141577001335672E10, 1.6178818804933216E10, 1.617888290798515E10, 1.617888290798515E10, 1.6179286925230461E10, 1.6179449109624573E10, 1.617978224588267E10, 1.6179830102879133E10, 1.6179830102879133E10, 1.6179830102879133E10, 1.6179830102879133E10, 1.618055121384612E10, 1.618093826601916E10, 1.618093826601916E10, 1.618104552561827E10, 1.6181364907929783E10, 1.618142901870902E10, 1.618142901870902E10, 1.618142901870902E10, 1.6181504522755707E10, 1.6181539197115902E10, 1.6181562594739155E10, 1.6182670848766642E10, 1.6182670848766642E10, 1.6182670848766642E10, 1.6182670848766642E10, 1.6182670848766642E10, 1.6182778117162558E10, 1.6183237151943651E10, 1.6183618213520634E10, 1.6184293639301483E10, 1.6184293639301483E10, 1.6184293639301483E10, 1.6184293639301483E10, 1.6184726575377357E10, 1.6184726575377357E10, 1.6184726575377357E10, 1.6184726575377357E10, 1.6184726575377357E10, 1.6184726575377357E10, 1.6184726575377357E10, 1.6184726575377357E10, 1.6184726575377357E10, 1.618521741606606E10, 1.618613609153009E10, 1.6186349523793806E10, 1.6186349523793806E10, 1.6186349523793806E10, 1.6186349523793806E10, 1.6186349523793806E10, 1.6186349523793806E10, 1.6186840402177233E10, 1.6187273390427385E10, 1.6187273390427385E10, 1.6187380682188137E10, 1.6188082550284328E10, 1.6188082550284328E10, 1.6188082550284328E10, 1.6188082550284328E10, 1.6188082550284328E10, 1.6188082550284328E10, 1.6188192155260256E10, 1.6188896534420177E10, 1.6188896534420177E10, 1.619013880335337E10, 1.619013880335337E10, 1.619013880335337E10, 1.619013880335337E10, 1.619013880335337E10, 1.6190739387918066E10, 1.6191552075328476E10, 1.619193088617846E10, 170, 60, 162, 94, 113, 177, 147, 139, 153, 200, 200, 175, 168, 200, 199, 200, 118, 200, 199, 200, 181, 187, 123, 200, 200, 200, 200, 196, 118, 200, 200, 164, 200, 100, 188, 200, 128, 104, 122, 151, 200, 200, 103, 200, 109, 121, 200, 179, 96, 161, 74, 111, 200, 148, 137, 114, 58, 156, 200, 200, 200, 200, 180, 116, 194, 154, 200, 200, 200, 200, 114, 121, 200, 200, 142, 170, 188, 83, 200, 156, 195, 110, 139, 83, 72, 200, 200, 200, 200, 189, 200, 99, 200, 200, 200, 147, 61, 104, 86, 200
