0, 14887.26283758579, 40870.89467541841, 14776.647155719533, 14803.382229848103, 534104.0840623812, 14887.26283758579, 75170.38710537665, Infinity, 10558.930602930106, 8.670818431381257E7, 14803.382229848103, 15025.802687418107, 14660.036950435131, 14678.785090280693, Infinity, 685739.4207202279, 52038.7083196011, Infinity, 14887.26283758579, 14887.26283758579, 14791.524015657596, 14797.21095976526, 14799.706145716356, 13053.132682784853, 14803.382229848103, 14887.26283758579, 14925.708321486569, 14887.26283758579, Infinity, 20576.97419949623, 14889.275595887157, 35908.57658122739, 14887.26283758579, 18808.683753891928, 14887.26283758579, 14887.26283758579, 14887.26283758579, 14878.891747416294, 14887.26283758579, 14887.26283758579, 14887.26283758579, 14441.398116236633, 14887.26283758579, 14921.406641597794, 61805.1276088052, 75252.13094111024, 2.3823536945929207E7, 14803.382229848103, 14660.036950435131, 36407.358532972605, 49010.06164213341, 14887.26283758579, 14910.221413643318, 14812.07227185148, 14887.26283758579, 32589.55997319338, 14887.26283758579, 23455.05218998904, 14950.727445696051, 14887.26283758579, 154078.7750136419, 1.3297426597357459E93, Infinity, 18269.752366519206, 14887.26283758579, 8901.255290591773, 5114803.559300057, 57173.143234674244, 14887.26283758579, 14887.26283758579, 13160.005863397826, 14887.26283758579, 11463.529810396742, 14887.26283758579, 14887.26283758579, 16752.68322596772, 57460.20818504925, 14634.299901840073, 14887.26283758579, 10072.196503402896, 160089.51991882946, 14887.26283758579, 14844.027533835531, 14993.962813011334, 14871.760381890701, 14803.382229848103, 27383.4431200487, 14784.115285774164, 54179.28561121873, 4.857038553173586E7, 7.376822342794299E7, 14887.26283758579, 14906.997340241498, 20776.080273683106, 14842.051152112812, 15007.628095353377, 14887.26283758579, 14963.33042029773, Infinity, 14887.26283758579, 50, 50, 50, 50, 50, 50, 50, 50, 50, 50, 50, 50, 50, 50, 50, 50, 50, 50, 50, 50, 50, 50, 50, 50, 50, 50, 50, 50, 50, 50, 50, 50, 50, 50, 50, 50, 50, 50, 50, 50, 50, 50, 50, 50, 50, 50, 50, 50, 50, 50, 50, 50, 50, 50, 50, 50, 50, 50, 50, 50, 50, 50, 50, 50, 50, 50, 50, 50, 50, 50, 50, 50, 50, 50, 50, 50, 50, 50, 50, 50, 50, 50, 50, 50, 50, 50, 50, 50, 50, 50, 50, 50, 50, 50, 50, 50, 50, 50, 50, 50
1, 10125.127696164562, 12266.969391680512, 12600.28471993259, 14715.255648826438, 14803.382229848103, 14803.382229848103, 14803.382229848103, 14803.382229848103, 14803.382229848103, 14803.382229848103, 14803.382229848103, 14803.382229848103, 14803.382229848103, 14803.382229848103, 14803.382229848103, 14803.382229848103, 14803.382229848103, 14803.382229848103, 14803.382229848103, 14803.382229848103, 14803.382229848103, 14803.382229848103, 14803.382229848103, 14803.382229848103, 14803.382229848103, 14803.382229848103, 14803.382229848103, 14803.382229848103, 14803.382229848103, 14803.382229848103, 14803.382229848103, 14803.382229848103, 14803.382229848103, 14803.382229848103, 14803.382229848103, 14812.263591762374, 14822.430061481027, 14828.911625802362, 14841.185185437645, 14842.746221715586, 14842.746221715586, 14857.607533801809, 14866.30186803226, 14866.861923752042, 14870.023686041974, 14887.26283758579, 14887.26283758579, 14887.262837585791, 14887.262837585791, 14887.262837585791, 14887.262837585791, 14887.262837585791, 14887.262837585791, 14887.262837585791, 14887.262837585791, 14887.262837585791, 14887.262837585791, 14887.262837585791, 14887.262837585791, 14887.262837585791, 14887.262837585791, 14887.262837585791, 14887.262837585791, 14887.262837585791, 14887.262837585791, 14887.262837585791, 14887.262837585791, 14887.262837585791, 14887.262837585791, 14887.262837585791, 14887.262837585791, 14887.262837585791, 14887.262837585791, 14887.262837585791, 14887.262837585791, 14887.262837585791, 14887.262837585791, 14887.262837585791, 14887.262837585791, 14887.262837585791, 14887.262837585791, 14887.262837585791, 14887.262837585791, 14887.262837585791, 14887.262837585791, 14887.262837585791, 14887.262837585791, 14887.262837585791, 14887.262837585791, 14897.45628401199, 14921.947371267364, 14933.008237360104, 14959.048847689506, 14971.801521486554, 14973.538217335281, 14973.538217335281, 21131.076360143983, 32301.820354127973, 159799.11136417856, 489813.8650640522, 63, 50, 49, 21, 50, 50, 50, 50, 60, 94, 21, 63, 45, 36, 22, 40, 52, 62, 46, 37, 59, 44, 50, 38, 50, 63, 66, 71, 52, 50, 49, 53, 80, 19, 40, 50, 40, 71, 55, 49, 67, 50, 52, 50, 50, 66, 55, 50, 50, 39, 92, 24, 16, 50, 19, 61, 50, 40, 31, 88, 19, 50, 50, 29, 52, 50, 85, 76, 50, 50, 50, 44, 65, 9, 50, 42, 50, 40, 50, 50, 15, 37, 50, 49, 4, 50, 50, 68, 50, 50, 41, 50, 56, 50, 50, 50, 50, 50, 60, 55
2, 360.0, 11932.212827541374, 12266.969391680512, 12446.867773288255, 12600.28471993259, 12695.949220188546, 13693.304782424182, 14803.382229848103, 14803.382229848103, 14803.382229848103, 14803.382229848103, 14803.382229848103, 14803.382229848103, 14803.382229848103, 14803.382229848103, 14803.382229848103, 14803.382229848103, 14803.382229848103, 14803.382229848103, 14803.382229848103, 14803.382229848103, 14803.382229848103, 14803.382229848103, 14803.382229848103, 14803.382229848103, 14803.382229848103, 14803.382229848103, 14803.382229848103, 14803.382229848103, 14803.382229848103, 14803.382229848103, 14803.382229848103, 14803.382229848103, 14803.382229848103, 14803.382229848103, 14803.382229848103, 14803.382229848103, 14803.382229848103, 14803.382229848103, 14803.382229848103, 14803.382229848103, 14803.382229848103, 14803.382229848103, 14803.382229848103, 14803.382229848103, 14803.382229848103, 14803.382229848103, 14803.382229848103, 14803.382229848103, 14803.382229848103, 14803.382229848103, 14803.382229848103, 14803.382229848103, 14803.382229848103, 14803.382229848103, 14803.382229848103, 14807.158727919146, 14866.30186803226, 14867.806933401116, 14878.57279558241, 14878.57279558241, 14878.57279558241, 14878.572795582411, 14887.262837585791, 14887.262837585791, 14887.262837585791, 14887.262837585791, 14887.262837585791, 14887.262837585791, 14887.262837585791, 14887.262837585791, 14887.262837585791, 14887.262837585791, 14887.262837585791, 14887.262837585791, 14887.262837585791, 14887.262837585791, 14887.262837585791, 14887.262837585791, 14887.262837585791, 14887.262837585791, 14887.262837585791, 14887.262837585791, 14887.262837585791, 14887.262837585791, 14887.262837585791, 14887.262837585791, 14887.262837585791, 14887.262837585791, 14887.262837585791, 14887.262837585791, 14887.262837585791, 14887.262837585791, 14887.262837585791, 14887.262837585791, 14899.121051776296, 289012.4942036264, 14309.912219164376, 31392.63385678711, Infinity, 14, 38, 50, 63, 49, 63, 37, 56, 63, 41, 19, 17, 86, 53, 30, 82, 63, 50, 39, 77, 40, 83, 78, 37, 36, 63, 50, 94, 28, 21, 32, 23, 54, 25, 22, 69, 63, 50, 12, 15, 45, 44, 46, 50, 60, 71, 18, 97, 71, 40, 38, 93, 59, 49, 66, 57, 62, 52, 62, 63, 35, 37, 63, 63, 30, 35, 16, 70, 90, 11, 63, 19, 37, 4, 16, 52, 31, 53, 128, 27, 48, 11, 20, 33, 8, 76, 39, 29, 50, 16, 70, 21, 24, 54, 50, 63, 63, 62, 63, 63
3, 360.0, 3534.438427328457, 12446.867773288255, 12600.28471993259, 12702.360318557803, 12740.176448826702, 14393.427009128953, 14393.427009128955, 14803.382229848103, 14803.382229848103, 14803.382229848103, 14803.382229848103, 14803.382229848103, 14803.382229848103, 14803.382229848103, 14803.382229848103, 14803.382229848103, 14803.382229848103, 14803.382229848103, 14803.382229848103, 14803.382229848103, 14803.382229848103, 14803.382229848103, 14803.382229848103, 14803.382229848103, 14803.382229848103, 14803.382229848103, 14803.382229848103, 14803.382229848103, 14803.382229848103, 14803.382229848103, 14803.382229848103, 14803.382229848103, 14803.382229848103, 14803.382229848103, 14803.382229848103, 14803.382229848103, 14803.382229848103, 14803.382229848103, 14803.382229848103, 14803.382229848103, 14803.382229848103, 14803.382229848103, 14803.382229848103, 14803.382229848103, 14803.382229848103, 14803.382229848103, 14803.382229848103, 14803.382229848103, 14803.382229848103, 14803.382229848103, 14803.382229848103, 14803.382229848103, 14803.382229848103, 14803.382229848103, 14803.382229848103, 14803.382229848103, 14803.382229848103, 14803.382229848103, 14803.382229848103, 14803.382229848103, 14803.382229848103, 14803.382229848103, 14803.382229848103, 14803.382229848103, 14803.382229848103, 14803.382229848103, 14803.382229848103, 14803.382229848103, 14803.382229848103, 14803.382229848103, 14803.382229848103, 14803.382229848103, 14803.382229848103, 14803.382229848103, 14803.382229848103, 14803.382229848103, 14804.319725837862, 14846.617533598363, 14859.659822560625, 14878.57279558241, 14878.572795582411, 14887.262837585793, 14887.262837585793, 14887.262837585793, 14887.262837585793, 14887.262837585793, 14887.262837585793, 14887.262837585793, 14887.262837585793, 14887.262837585793, 14887.262837585793, 14887.262837585793, 14887.262837585793, 14887.262837585793, 14887.262837585793, 14887.262837585793, 14893.434107668634, 14910.221413643318, 15119.921229618238, 14, 49, 63, 49, 50, 86, 37, 38, 86, 40, 63, 94, 39, 28, 83, 28, 68, 107, 18, 52, 26, 42, 37, 14, 60, 82, 108, 93, 38, 92, 14, 17, 36, 57, 30, 45, 50, 59, 68, 91, 56, 50, 66, 18, 20, 48, 71, 61, 40, 44, 19, 45, 27, 36, 57, 70, 82, 81, 74, 19, 65, 63, 53, 46, 40, 43, 14, 85, 24, 78, 10, 50, 31, 44, 54, 21, 22, 19, 63, 63, 37, 14, 31, 14, 76, 23, 66, 16, 41, 14, 14, 16, 40, 14, 14, 14, 30, 62, 54, 14
4, 336.91495525372443, 360.0, 360.0, 360.0, 360.0, 5071.042442450006, 12446.867773288255, 12600.28471993259, 12702.360318557803, 14393.427009128953, 14739.917621737843, 14744.499768198748, 14803.382229848103, 14803.382229848103, 14803.382229848103, 14803.382229848105, 14803.382229848105, 14803.382229848105, 14803.382229848105, 14803.382229848105, 14803.382229848105, 14803.382229848105, 14803.382229848105, 14803.382229848105, 14803.382229848105, 14803.382229848105, 14803.382229848105, 14803.382229848105, 14803.382229848105, 14803.382229848105, 14803.382229848105, 14803.382229848105, 14803.382229848105, 14803.382229848105, 14803.382229848105, 14803.382229848105, 14803.382229848105, 14803.382229848105, 14803.382229848105, 14803.382229848105, 14803.382229848105, 14803.382229848105, 14803.382229848105, 14803.382229848105, 14803.382229848105, 14803.382229848105, 14803.382229848105, 14803.382229848105, 14803.382229848105, 14803.382229848105, 14803.382229848105, 14803.382229848105, 14803.382229848105, 14803.382229848105, 14803.382229848105, 14803.382229848105, 14803.382229848105, 14803.382229848105, 14803.382229848105, 14803.382229848105, 14803.382229848105, 14803.382229848105, 14803.382229848105, 14803.382229848105, 14803.382229848105, 14803.382229848105, 14803.382229848105, 14803.382229848105, 14803.382229848105, 14803.382229848105, 14803.382229848105, 14803.382229848105, 14803.382229848105, 14803.382229848105, 14803.382229848105, 14803.382229848105, 14803.382229848105, 14803.382229848105, 14803.382229848105, 14803.382229848105, 14803.382229848105, 14803.382229848105, 14803.382229848105, 14803.382229848105, 14878.572795582411, 14887.26283758579, 14887.26283758579, 14887.26283758579, 14887.26283758579, 14887.26283758579, 14887.26283758579, 14887.26283758579, 14887.26283758579, 14887.26283758579, 14887.26283758579, 14887.26283758579, 14887.26283758579, 14887.26283758579, 14887.26283758579, 14887.26283758579, 56, 14, 6, 14, 25, 49, 63, 49, 50, 37, 92, 9, 46, 56, 15, 108, 46, 47, 69, 13, 55, 45, 57, 86, 19, 107, 39, 28, 82, 60, 14, 41, 85, 108, 94, 19, 44, 27, 42, 14, 68, 27, 40, 66, 45, 26, 86, 14, 38, 19, 28, 30, 100, 63, 94, 14, 34, 48, 20, 71, 83, 34, 70, 61, 21, 37, 33, 14, 44, 47, 26, 12, 24, 27, 14, 46, 18, 37, 31, 16, 46, 19, 56, 49, 14, 36, 14, 16, 34, 14, 43, 8, 14, 111, 14, 14, 14, 52, 14, 14
5, 358.91495525372443, 360.0, 360.0, 360.0, 360.0, 360.0, 360.0, 360.0, 3231.322390404522, 5071.042442450006, 10785.571398328475, 12296.181595909697, 12446.867773288255, 12600.28471993259, 14016.917722162078, 14367.554878346373, 14730.168045836515, 14744.499768198748, 14760.633732178074, 14780.02636337687, 14803.382229848103, 14803.382229848103, 14803.382229848103, 14803.382229848103, 14803.382229848103, 14803.382229848103, 14803.382229848103, 14803.382229848103, 14803.382229848103, 14803.382229848103, 14803.382229848103, 14803.382229848103, 14803.382229848103, 14803.382229848103, 14803.382229848103, 14803.382229848103, 14803.382229848103, 14803.382229848103, 14803.382229848103, 14803.382229848103, 14803.382229848103, 14803.382229848103, 14803.382229848103, 14803.382229848103, 14803.382229848103, 14803.382229848103, 14803.382229848103, 14803.382229848103, 14803.382229848103, 14803.382229848103, 14803.382229848103, 14803.382229848103, 14803.382229848103, 14803.382229848103, 14803.382229848103, 14803.382229848103, 14803.382229848103, 14803.382229848103, 14803.382229848103, 14803.382229848103, 14803.382229848103, 14803.382229848103, 14803.382229848103, 14803.382229848103, 14803.382229848103, 14803.382229848103, 14803.382229848103, 14803.382229848103, 14803.382229848103, 14803.382229848103, 14803.382229848103, 14803.382229848103, 14803.382229848103, 14803.382229848103, 14803.382229848103, 14803.382229848103, 14803.382229848103, 14803.382229848103, 14803.382229848103, 14803.382229848103, 14803.382229848103, 14803.382229848105, 14803.382229848105, 14803.382229848105, 14803.382229848105, 14803.382229848105, 14803.382229848105, 14803.382229848105, 14803.382229848105, 14803.382229848105, 14806.281656502173, 14837.007428540262, 14887.262837585791, 14887.262837585791, 14887.262837585791, 14887.262837585791, 14887.262837585791, 14899.121051776297, 16097.7376819504, Infinity, 56, 14, 6, 25, 40, 25, 14, 12, 29, 49, 71, 32, 63, 49, 50, 55, 56, 9, 56, 42, 26, 25, 92, 42, 37, 26, 12, 37, 13, 60, 43, 68, 58, 48, 35, 21, 59, 58, 13, 37, 24, 79, 21, 42, 29, 19, 21, 18, 22, 18, 33, 22, 48, 74, 14, 34, 59, 24, 21, 29, 23, 26, 112, 83, 50, 43, 56, 10, 52, 56, 29, 81, 65, 56, 34, 27, 21, 46, 15, 47, 22, 83, 14, 19, 14, 44, 44, 33, 19, 46, 32, 56, 26, 22, 56, 56, 6, 37, 56, 47
6, 358.91495525372443, 360.0, 360.0, 360.0, 360.0, 360.0, 360.0, 360.0, 360.0, 360.0, 360.0, 360.0, 361.31326324244344, 3231.322390404522, 5071.042442450006, 6935.374152999223, 7071.463874371292, 8281.824962237884, 8525.067367758746, 8655.216201168056, 10333.86890116197, 10592.152816547192, 11231.870711507045, 11350.323346727639, 11597.28897355799, 12489.352457657764, 12577.083144087193, 12600.28471993259, 13549.932098289135, 14016.917722162078, 14721.94689480371, 14733.572817644865, 14744.499768198748, 14792.297415832922, 14803.382229848103, 14803.382229848103, 14803.382229848103, 14803.382229848103, 14803.382229848103, 14803.382229848103, 14803.382229848103, 14803.382229848103, 14803.382229848103, 14803.382229848103, 14803.382229848103, 14803.382229848103, 14803.382229848103, 14803.382229848103, 14803.382229848103, 14803.382229848103, 14803.382229848103, 14803.382229848103, 14803.382229848103, 14803.382229848103, 14803.382229848103, 14803.382229848103, 14803.382229848103, 14803.382229848103, 14803.382229848103, 14803.382229848103, 14803.382229848103, 14803.382229848103, 14803.382229848103, 14803.382229848103, 14803.382229848103, 14803.382229848103, 14803.382229848103, 14803.382229848103, 14803.382229848103, 14803.382229848103, 14803.382229848103, 14803.382229848103, 14803.382229848103, 14803.382229848103, 14803.382229848103, 14803.382229848103, 14803.382229848103, 14803.382229848103, 14803.382229848103, 14803.382229848103, 14803.382229848103, 14803.382229848103, 14803.382229848103, 14803.382229848103, 14803.382229848103, 14803.382229848103, 14803.382229848103, 14803.382229848103, 14803.382229848103, 14803.382229848103, 14803.382229848103, 14803.382229848103, 14803.382229848103, 14887.26283758579, 14887.26283758579, 14887.26283758579, 14918.642086332668, 15039.63728333133, 5.780708359082444E7, 15664.146707709602, 56, 14, 12, 12, 6, 14, 13, 10, 23, 25, 25, 40, 23, 29, 49, 26, 57, 30, 14, 34, 15, 62, 71, 24, 44, 66, 29, 49, 32, 50, 44, 57, 9, 59, 14, 46, 43, 18, 42, 79, 66, 47, 24, 35, 100, 18, 19, 37, 30, 29, 56, 12, 38, 52, 37, 23, 35, 31, 24, 12, 35, 51, 46, 37, 35, 56, 46, 64, 41, 13, 81, 50, 80, 34, 58, 60, 29, 22, 36, 23, 24, 34, 53, 48, 97, 81, 34, 18, 15, 74, 68, 16, 38, 23, 56, 15, 56, 65, 56, 56
7, 261.0, 352.2771069381561, 358.91495525372443, 360.0, 360.0, 360.0, 360.0, 360.0, 360.0, 360.0, 360.0, 360.0, 360.0, 360.0, 360.0, 360.0, 360.0, 360.0, 360.0, 360.0, 361.31326324244344, 1299.4568165921028, 1775.2505767284888, 3231.322390404522, 5071.042442450006, 6549.107944816165, 6864.259053318608, 6935.374152999223, 7267.356987341906, 8342.544445014322, 8597.040278145761, 8839.624429837242, 9167.729620932067, 9842.584478346897, 9925.90015111251, 10333.86890116197, 10592.152816547192, 11350.323346727639, 11628.943802519647, 11788.49282303084, 11793.1820865286, 12527.451235099104, 12600.28471993259, 12632.085116551563, 12690.38335772182, 13549.932098289135, 13671.30478242418, 13693.30478242418, 14468.617574863263, 14500.333094155929, 14744.499768198748, 14788.119460027005, 14799.82986979921, 14803.382229848103, 14803.382229848103, 14803.382229848105, 14803.382229848105, 14803.382229848105, 14803.382229848105, 14803.382229848105, 14803.382229848105, 14803.382229848105, 14803.382229848105, 14803.382229848105, 14803.382229848105, 14803.382229848105, 14803.382229848105, 14803.382229848105, 14803.382229848105, 14803.382229848105, 14803.382229848105, 14803.382229848105, 14803.382229848105, 14803.382229848105, 14803.382229848105, 14803.382229848105, 14803.382229848105, 14803.382229848105, 14803.382229848105, 14803.382229848105, 14803.382229848105, 14803.382229848105, 14803.382229848105, 14803.382229848105, 14803.382229848105, 14803.382229848105, 14803.382229848105, 14887.262837585791, 14887.262837585791, 14887.262837585791, 14887.262837585791, 14887.262837585791, 14887.262837585791, 14887.262837585791, 14940.556239178231, 28561.585456328845, 45699.00442373899, 6408931.940542409, 7.090568050175757E165, Infinity, 12, 52, 56, 14, 20, 25, 17, 23, 67, 6, 13, 14, 29, 10, 40, 23, 25, 25, 12, 21, 23, 40, 12, 29, 49, 38, 34, 26, 80, 30, 36, 50, 22, 57, 14, 15, 62, 24, 63, 26, 20, 76, 49, 71, 23, 32, 56, 38, 50, 44, 9, 103, 56, 37, 30, 51, 68, 56, 12, 34, 40, 37, 74, 18, 70, 23, 56, 24, 35, 14, 37, 16, 81, 12, 13, 24, 22, 80, 108, 101, 51, 31, 51, 46, 60, 79, 13, 23, 26, 41, 9, 32, 30, 56, 56, 65, 56, 56, 56, 64
8, 250.0, 250.0, 261.0, 272.0, 327.0, 352.2771069381561, 358.91495525372443, 360.0, 360.0, 360.0, 360.0, 360.0, 360.0, 360.0, 360.0, 360.0, 360.0, 360.0, 360.0, 360.0, 360.0, 360.0, 360.0, 360.0, 360.0, 360.0, 360.0, 360.0, 360.0, 360.0, 360.0, 360.0, 360.0, 360.0, 360.0, 627.2225618253472, 1109.9584120682666, 2141.972597854877, 2396.61111366123, 2396.61111366123, 3231.322390404522, 3231.322390404522, 5414.085253714555, 5689.958729440628, 6324.370067360325, 6438.60204689107, 6549.107944816165, 7249.785594137593, 7661.429731819342, 7942.2118447567345, 9195.358405534436, 9538.884451497968, 9724.35173245586, 9925.90015111251, 9949.490563373873, 10138.996216672773, 10245.682412370194, 10252.539699066045, 10333.86890116197, 10592.152816547192, 11735.849887546623, 11788.49282303084, 11943.289550710851, 12007.244194277138, 12038.899023238795, 12185.56591404344, 12595.521134762588, 13053.366998134774, 13053.366998134774, 13549.932098289135, 14694.280056999965, 14792.04425737669, 14803.382229848103, 14803.382229848103, 14803.382229848103, 14803.382229848103, 14803.382229848103, 14803.382229848103, 14803.382229848103, 14803.382229848103, 14803.382229848103, 14803.382229848103, 14803.382229848103, 14803.382229848103, 14803.382229848103, 14803.382229848103, 14803.382229848103, 14803.382229848103, 14803.382229848105, 14803.382229848105, 14887.262837585791, 14887.262837585791, 14887.262837585791, 14887.262837585791, 14887.262837585791, 14887.262837585791, 14887.262837585791, 14887.262837585791, 14981.859619328734, 3526226.1014088294, 15, 12, 12, 55, 33, 52, 56, 67, 29, 17, 38, 14, 9, 17, 12, 29, 14, 4, 40, 28, 25, 6, 10, 33, 27, 11, 23, 39, 66, 12, 41, 13, 20, 25, 25, 21, 20, 40, 13, 50, 29, 23, 24, 30, 12, 83, 38, 11, 26, 123, 22, 32, 52, 14, 30, 31, 29, 36, 15, 62, 32, 26, 34, 44, 18, 9, 24, 22, 57, 32, 12, 41, 30, 73, 18, 30, 34, 12, 13, 87, 16, 40, 18, 25, 12, 10, 33, 29, 108, 18, 12, 12, 12, 64, 12, 12, 12, 12, 12, 56
9, 250.0, 250.0, 272.0, 305.9363162680446, 327.0, 349.0, 349.0, 358.91495525372443, 360.0, 360.0, 360.0, 360.0, 360.0, 360.0, 360.0, 360.0, 360.0, 360.0, 360.0, 360.0, 360.0, 360.0, 360.0, 360.0, 360.0, 360.0, 360.0, 360.0, 360.0, 360.0, 360.0, 360.0, 360.0, 360.0, 360.0, 360.0, 360.0, 360.0, 360.0, 360.0, 360.0, 360.0, 360.0, 360.0, 360.0, 360.0, 360.0, 360.0, 360.0, 360.0, 360.0, 360.0, 360.0, 360.0, 360.0, 360.0, 360.0, 360.0, 360.0, 627.2225618253472, 1109.9584120682666, 2141.972597854877, 2396.61111366123, 2396.61111366123, 3231.322390404522, 5689.958729440628, 6411.102453444187, 7188.069949979088, 7200.592279299188, 7249.785594137593, 7799.864513988896, 7823.979098865699, 8454.725264520745, 10092.339787398096, 10189.932934345623, 10245.682412370194, 10289.103680855022, 10306.602026727482, 10333.86890116197, 10423.683882310472, 10788.045929517806, 10882.069884838236, 11943.289550710851, 12935.134252243737, 12993.432493413991, 13000.841223297422, 13010.165618979501, 13315.318926842901, 13680.583459168342, 14694.280056999965, 14803.382229848103, 14803.382229848103, 14803.382229848103, 14887.26283758579, 14887.26283758579, 14887.26283758579, 14887.26283758579, 14933.13259922184, 55927.90065456782, 1.0433937187318216E8, 12, 20, 55, 28, 33, 17, 28, 56, 24, 20, 11, 56, 4, 28, 66, 14, 38, 12, 32, 20, 29, 6, 14, 27, 12, 31, 28, 25, 40, 23, 14, 9, 17, 36, 25, 13, 38, 49, 7, 7, 67, 50, 25, 39, 12, 10, 38, 102, 20, 23, 27, 10, 14, 66, 6, 11, 16, 30, 28, 13, 20, 16, 34, 50, 23, 30, 34, 41, 26, 11, 24, 38, 19, 32, 17, 52, 45, 61, 15, 52, 14, 26, 34, 22, 29, 18, 44, 33, 39, 12, 30, 8, 10, 4, 15, 10, 4, 15, 15, 155
10, 250.0, 265.98357017757775, 283.0, 294.0, 316.0, 327.0, 329.8089488041338, 337.71193409437643, 338.0, 338.0, 347.9155531445067, 349.0, 358.91495525372443, 359.1951625663539, 359.46344171090254, 360.0, 360.0, 360.0, 360.0, 360.0, 360.0, 360.0, 360.0, 360.0, 360.0, 360.0, 360.0, 360.0, 360.0, 360.0, 360.0, 360.0, 360.0, 360.0, 360.0, 360.0, 360.0, 360.0, 360.0, 360.0, 360.0, 360.0, 360.0, 360.0, 360.0, 360.0, 360.0, 360.0, 360.0, 360.0, 360.0, 360.0, 360.0, 360.0, 360.0, 360.0, 360.0, 360.0, 360.0, 360.0, 360.0, 360.0, 360.0, 360.0, 360.0, 360.0, 360.0, 360.0, 360.0, 360.0, 360.0, 360.0, 360.0, 360.0, 360.0, 360.0, 360.0, 360.0, 360.0, 360.0, 360.0, 360.0, 360.0, 360.0, 2141.972597854877, 2456.2657465607736, 3132.322390404522, 6483.919087871518, 10714.988060901318, 11255.461123768408, 14803.382229848103, 14887.262837585793, 14887.262837585793, 14887.262837585793, 14887.262837585793, 14887.262837585793, 14887.262837585793, 14887.262837585793, 14887.262837585793, 14887.262837585793, 12, 11, 16, 55, 43, 13, 28, 43, 67, 49, 34, 33, 56, 18, 28, 20, 94, 11, 23, 24, 15, 12, 16, 10, 14, 11, 17, 16, 38, 14, 55, 83, 27, 17, 14, 6, 25, 16, 26, 6, 50, 15, 17, 23, 17, 72, 12, 102, 28, 21, 33, 11, 13, 66, 29, 33, 25, 12, 14, 12, 5, 4, 26, 12, 63, 17, 27, 16, 51, 27, 26, 38, 26, 26, 36, 67, 16, 29, 9, 19, 37, 17, 6, 10, 20, 46, 32, 33, 47, 34, 9, 4, 32, 12, 12, 12, 12, 4, 34, 12
11, 250.0, 250.0, 250.0, 265.98357017757775, 283.0, 294.0, 316.0, 316.0, 316.0, 327.0, 327.0, 327.0, 337.46344171090254, 338.0, 348.1358022831293, 349.0, 349.0, 349.0, 349.0, 358.55967047188216, 358.6444414306334, 358.6586042772565, 358.91495525372443, 359.7317208554513, 360.0, 360.0, 360.0, 360.0, 360.0, 360.0, 360.0, 360.0, 360.0, 360.0, 360.0, 360.0, 360.0, 360.0, 360.0, 360.0, 360.0, 360.0, 360.0, 360.0, 360.0, 360.0, 360.0, 360.0, 360.0, 360.0, 360.0, 360.0, 360.0, 360.0, 360.0, 360.0, 360.0, 360.0, 360.0, 360.0, 360.0, 360.0, 360.0, 360.0, 360.0, 360.0, 360.0, 360.0, 360.0, 360.0, 360.0, 360.0, 360.0, 360.0, 360.0, 360.0, 360.0, 360.0, 360.0, 360.0, 360.0, 360.0, 360.0, 360.0, 360.0, 360.0, 360.0, 2141.972597854877, 3231.322390404522, 6483.919087871518, 8007.620591030938, 14803.382229848103, 14803.382229848103, 14887.262837585791, 14887.262837585791, 14887.262837585791, 14887.262837585791, 14887.262837585791, 14887.262837585791, 14887.262837585791, 12, 18, 17, 11, 16, 56, 21, 55, 43, 13, 62, 26, 22, 67, 43, 49, 46, 33, 28, 53, 34, 46, 56, 18, 5, 25, 47, 31, 17, 14, 12, 39, 19, 18, 17, 38, 23, 40, 20, 8, 40, 26, 22, 22, 63, 22, 27, 19, 24, 22, 36, 11, 11, 7, 28, 6, 26, 6, 27, 28, 27, 36, 72, 15, 47, 12, 33, 66, 32, 20, 26, 4, 30, 17, 38, 39, 19, 31, 17, 23, 35, 19, 6, 20, 20, 30, 15, 20, 37, 33, 34, 12, 12, 24, 17, 15, 12, 12, 12, 12
12, 250.0, 250.0, 250.0, 250.0, 250.0, 250.0, 250.0, 255.53730019730858, 255.53730019730858, 261.0, 261.0, 261.0, 261.0, 265.98357017757775, 283.0, 305.0, 316.0, 316.0, 316.0, 327.0, 327.0, 327.0, 327.01588297012813, 330.37860294680013, 338.0, 338.0, 338.0, 338.0, 348.42386818875286, 349.0, 349.0, 349.0, 349.0, 349.0, 349.0, 349.0, 349.4681581340223, 351.7251910406229, 358.55967047188216, 358.55967047188216, 358.6444414306334, 359.1358022831293, 359.1951625663539, 359.7317208554513, 360.0, 360.0, 360.0, 360.0, 360.0, 360.0, 360.0, 360.0, 360.0, 360.0, 360.0, 360.0, 360.0, 360.0, 360.0, 360.0, 360.0, 360.0, 360.0, 360.0, 360.0, 360.0, 360.0, 360.0, 360.0, 360.0, 360.0, 360.0, 360.0, 360.0, 360.0, 360.0, 360.0, 360.0, 360.0, 360.0, 360.0, 360.0, 360.0, 360.0, 360.0, 360.0, 360.0, 360.0, 360.0, 360.0, 360.0, 5311.734660573651, 7171.474335901261, 14803.382229848105, 14882.668245487337, 14887.262837585793, 14887.262837585793, 14887.262837585793, 14887.262837585793, 15009.364791202104, 18, 28, 20, 20, 9, 12, 22, 11, 34, 37, 62, 72, 17, 11, 25, 32, 43, 21, 16, 62, 13, 30, 17, 56, 26, 41, 67, 36, 36, 31, 46, 28, 18, 27, 33, 35, 33, 29, 43, 28, 34, 53, 46, 18, 21, 31, 33, 6, 9, 42, 25, 32, 11, 19, 61, 30, 40, 59, 24, 27, 19, 4, 35, 27, 20, 29, 27, 22, 44, 10, 4, 40, 72, 29, 32, 31, 20, 37, 15, 20, 47, 22, 26, 17, 14, 40, 8, 28, 45, 7, 17, 22, 33, 12, 12, 12, 12, 12, 12, 20
13, 250.0, 250.0, 250.0, 250.0, 250.0, 250.0, 250.0, 250.0, 255.53730019730858, 255.53730019730858, 258.8509835878921, 261.0, 261.0, 261.0, 261.0, 261.0, 261.0, 272.0, 272.0, 272.0, 283.0, 294.0, 294.0, 294.0, 305.0, 305.0, 305.0, 314.8477363775057, 314.8813641530169, 316.0, 316.0, 316.0, 316.0, 317.66119005919256, 317.8726325360892, 325.81512845440943, 327.0, 327.0, 327.0, 327.0, 327.431490463031, 330.37860294680013, 338.0, 338.0, 338.0, 338.0, 338.0, 338.0105886467521, 348.71193409437643, 349.0, 349.0, 349.0, 349.0, 349.0, 349.9363162680446, 355.86259552031146, 357.87195152612173, 358.6444414306334, 358.8477363775057, 359.1358022831293, 359.1951625663539, 359.42386818875286, 360.0, 360.0, 360.0, 360.0, 360.0, 360.0, 360.0, 360.0, 360.0, 360.0, 360.0, 360.0, 360.0, 360.0, 360.0, 360.0, 360.0, 360.0, 360.0, 360.0, 360.0, 360.0, 360.0, 360.0, 360.0, 360.0, 360.0, 360.0, 360.0, 360.0, 360.0, 360.0, 2068.67792696784, 14803.382229848103, 14887.262837585793, 14887.262837585793, 14898.347651600972, Infinity, 12, 20, 20, 29, 79, 28, 31, 26, 34, 11, 50, 37, 62, 22, 45, 19, 17, 42, 9, 18, 25, 36, 28, 58, 32, 69, 33, 22, 22, 16, 33, 44, 43, 22, 34, 41, 52, 13, 30, 49, 42, 56, 26, 67, 29, 44, 55, 17, 36, 33, 27, 41, 57, 36, 33, 29, 45, 34, 43, 28, 46, 31, 33, 72, 8, 20, 17, 32, 45, 23, 40, 21, 86, 11, 21, 20, 45, 61, 29, 17, 26, 15, 20, 31, 21, 11, 40, 27, 85, 23, 35, 29, 7, 33, 39, 18, 18, 18, 18, 35
14, 218.53687875130305, 250.0, 250.0, 250.0, 250.0, 250.0, 250.0, 250.0, 250.0, 250.0, 250.0, 250.0, 250.0, 250.0, 250.0, 250.0, 250.0, 250.0, 250.0, 250.0, 250.0, 250.0, 250.1166967769208, 255.53730019730858, 261.0, 261.0, 261.0, 261.0, 261.0, 261.0, 261.0, 265.9835701775777, 265.9835701775777, 272.0, 272.0, 272.0, 272.0, 278.6403913316297, 283.0, 283.0, 294.0, 294.0, 303.8061019932734, 305.0, 305.0, 305.0, 305.0, 316.0, 316.0, 316.0, 316.0, 316.0, 316.0, 316.0, 317.8726325360892, 324.64712250288136, 325.81512845440943, 327.0, 327.0, 328.8726325360892, 329.14520831924034, 330.37860294680013, 338.0, 338.0, 338.0, 338.0, 349.0, 349.0, 349.0, 349.0, 349.0, 349.4681581340223, 349.862980926062, 356.8628300038418, 357.87195152612173, 359.46344171090254, 360.0, 360.0, 360.0, 360.0, 360.0, 360.0, 360.0, 360.0, 360.0, 360.0, 360.0, 360.0, 360.0, 360.0, 360.0, 360.0, 360.0, 360.0, 360.0, 360.0, 360.0, 360.0000000002334, 14887.262837585793, 14887.262837585793, 12, 48, 12, 20, 75, 79, 20, 7, 16, 25, 29, 16, 28, 20, 28, 14, 31, 26, 38, 35, 26, 54, 27, 52, 14, 37, 17, 22, 25, 56, 45, 11, 34, 86, 62, 18, 9, 36, 80, 25, 36, 42, 50, 30, 33, 32, 50, 42, 16, 17, 44, 33, 33, 43, 34, 58, 41, 52, 29, 59, 22, 56, 26, 17, 55, 55, 29, 36, 49, 33, 49, 69, 42, 72, 45, 46, 12, 23, 14, 35, 45, 14, 27, 55, 18, 37, 23, 14, 61, 35, 72, 40, 20, 21, 23, 14, 27, 45, 12, 14
15, 125.58299153358976, 136.8317792550763, 218.53687875130305, 219.9342128088897, 239.29497744636734, 250.0, 250.0, 250.0, 250.0, 250.0, 250.0, 250.0, 250.0, 250.0, 250.0, 250.0, 250.0, 250.0, 250.0, 250.0, 250.0, 250.0, 250.0, 250.0, 250.0, 250.0, 250.0, 250.0, 250.0, 250.0, 250.0, 250.0, 250.0, 250.0, 250.0, 250.0, 250.0, 250.0, 250.15559570256107, 255.53730019730858, 261.0, 261.0, 261.0, 261.0, 261.0, 261.0, 261.0, 261.0, 261.0, 261.0, 261.0, 261.0, 261.0, 261.0, 261.0, 265.9835701775777, 272.0, 272.0, 272.0, 272.0, 275.12342400315924, 278.6403913316297, 283.0, 283.0, 294.0, 294.0, 294.0, 294.11669677692083, 303.8061019932734, 305.0, 316.0, 316.0, 316.0, 317.6611900591925, 326.28366119596404, 327.0, 327.0, 327.0, 329.3407906701115, 338.0, 338.2822788554002, 348.51775910477926, 348.6453252543536, 349.0, 349.0, 349.4681581340223, 356.8628300038418, 359.45777657225335, 360.0, 360.0, 360.0, 360.0, 360.0, 360.0, 360.0, 360.0, 3132.322390404522, 14887.262837585793, 14887.262837585793, 14887.262837585793, 17, 34, 12, 31, 28, 15, 57, 28, 28, 39, 16, 21, 28, 19, 25, 48, 43, 42, 26, 20, 20, 54, 67, 43, 20, 31, 35, 16, 75, 79, 26, 28, 21, 19, 22, 21, 29, 17, 27, 52, 20, 56, 4, 52, 38, 32, 45, 22, 20, 12, 18, 37, 63, 14, 12, 11, 18, 23, 77, 9, 24, 36, 80, 25, 28, 85, 46, 30, 50, 33, 36, 43, 45, 35, 24, 44, 17, 52, 59, 78, 39, 70, 46, 49, 55, 69, 72, 41, 34, 18, 18, 68, 44, 24, 53, 32, 18, 12, 4, 12
16, 125.58299153358976, 136.8317792550763, 140.3889892564027, 149.81394372962748, 159.14860132956866, 211.20950522234753, 218.53687875130305, 219.9342128088897, 227.45065960666727, 239.29497744636734, 250.0, 250.0, 250.0, 250.0, 250.0, 250.0, 250.0, 250.0, 250.0, 250.0, 250.0, 250.0, 250.0, 250.0, 250.0, 250.0, 250.0, 250.0, 250.0, 250.0, 250.0, 250.0, 250.0, 250.0, 250.0, 250.0, 250.0, 250.0, 250.0, 250.0, 250.0, 250.0, 250.0, 250.0, 250.0, 250.0, 250.0, 250.0, 250.0, 250.0, 250.0, 250.0, 250.0, 250.0, 250.0, 250.0, 250.0, 250.0, 250.0, 250.0, 250.0, 250.0, 250.0, 250.0, 250.0, 250.0, 250.0, 261.0, 261.0, 261.0, 261.0, 261.0, 261.0, 261.0, 272.0, 272.0, 275.12342400315924, 286.29378805100566, 305.0, 305.0, 306.2855470758934, 316.0, 327.0, 338.0, 358.9359757630608, 360.0, 360.0, 360.0, 360.0, 1851.1780922049363, 2575.5999170137084, 14803.382229848105, 14803.382229848105, 14814.582367875533, 14866.36960895658, 14887.262837585793, 14887.262837585793, 14887.262837585793, 14887.262837585793, 14887.262837585793, 17, 29, 25, 30, 34, 8, 12, 31, 40, 28, 23, 19, 68, 79, 75, 21, 69, 21, 28, 39, 72, 8, 20, 25, 22, 58, 58, 43, 19, 48, 35, 39, 16, 21, 49, 20, 31, 16, 22, 43, 15, 29, 22, 7, 39, 29, 28, 38, 23, 25, 67, 39, 26, 58, 92, 13, 13, 21, 20, 8, 26, 20, 36, 22, 19, 28, 35, 63, 12, 19, 20, 12, 19, 22, 23, 18, 24, 46, 33, 28, 88, 43, 29, 73, 46, 36, 18, 26, 25, 33, 56, 17, 17, 17, 127, 36, 17, 17, 17, 17
17, 125.58299153358976, 125.58299153358976, 140.3889892564027, 159.14860132956863, 159.14860132956866, 159.14860132956866, 170.8325493566647, 211.20950522234753, 218.53687875130305, 218.57013238558145, 219.9342128088897, 220.38630897504524, 227.55009456112958, 230.70033434585216, 241.28967555450254, 242.48355320222242, 250.0, 250.0, 250.0, 250.0, 250.0, 250.0, 250.0, 250.0, 250.0, 250.0, 250.0, 250.0, 250.0, 250.0, 250.0, 250.0, 250.0, 250.0, 250.0, 250.0, 250.0, 250.0, 250.0, 250.0, 250.0, 250.0, 250.0, 250.0, 250.0, 250.0, 250.0, 250.0, 250.0, 250.0, 250.0, 250.0, 250.0, 250.0, 250.0, 250.0, 250.0, 250.0, 250.0, 250.0, 250.0, 250.0, 250.0, 250.0, 250.0, 250.0, 250.0, 250.0, 250.0, 250.0, 250.0, 250.0, 250.0, 250.0, 256.1660201607496, 256.19836770442, 256.5875761020113, 261.0, 261.0, 261.0, 261.0, 261.0, 261.0, 261.0, 261.0, 261.0, 272.0, 272.0, 272.19665163091156, 287.47807759994487, 294.0, 349.0, 360.0, 360.0, 360.0, 9231.158741435092, 10774.851896815975, 14887.262837585793, 14900.163315801135, 17658.725422638745, 17, 26, 25, 27, 29, 34, 30, 8, 12, 44, 31, 5, 26, 55, 55, 40, 57, 35, 29, 51, 21, 49, 39, 54, 10, 25, 43, 42, 20, 39, 15, 41, 42, 35, 68, 8, 20, 39, 43, 58, 35, 58, 38, 23, 20, 34, 37, 33, 22, 17, 26, 20, 24, 18, 29, 39, 21, 13, 35, 36, 28, 66, 39, 26, 69, 75, 28, 20, 21, 48, 72, 56, 21, 20, 20, 35, 43, 22, 17, 4, 33, 16, 7, 15, 13, 28, 23, 63, 28, 80, 46, 17, 32, 14, 9, 36, 60, 17, 17, 17
18, 122.57935110900505, 125.58299153358976, 125.58299153358976, 136.8317792550763, 140.3889892564027, 140.4916290772789, 159.14860132956863, 159.14860132956866, 159.14860132956866, 170.83254935666474, 183.9041909252433, 202.6000660948386, 211.20950522234753, 217.1166967769208, 218.53687875130305, 219.9342128088897, 227.55009456112958, 238.2167811436297, 241.28967555450254, 242.48355320222242, 250.0, 250.0, 250.0, 250.0, 250.0, 250.0, 250.0, 250.0, 250.0, 250.0, 250.0, 250.0, 250.0, 250.0, 250.0, 250.0, 250.0, 250.0, 250.0, 250.0, 250.0, 250.0, 250.0, 250.0, 250.0, 250.0, 250.0, 250.0, 250.0, 250.0, 250.0, 250.0, 250.0, 250.0, 250.0, 250.0, 250.0, 250.0, 250.0, 250.0, 250.0, 250.0, 250.0, 250.0, 250.0, 250.0, 250.0, 250.0, 250.0, 250.0, 250.0, 250.0, 250.0, 250.0, 250.0, 250.0, 250.0, 250.0, 250.0, 250.0, 250.0, 250.0, 250.0, 250.0, 250.0, 250.0, 250.0, 250.0, 261.0, 261.0, 266.9242059833635, 272.0, 287.47807759994487, 305.0, 360.0, 360.0, 7456.08745338241, 14887.262837585791, 14887.262837585791, 988681.330574136, 54, 26, 17, 21, 25, 28, 27, 34, 29, 30, 22, 30, 8, 47, 12, 31, 44, 55, 55, 40, 21, 57, 43, 25, 69, 36, 21, 16, 72, 56, 58, 42, 48, 29, 83, 49, 54, 66, 15, 57, 41, 35, 30, 30, 18, 49, 40, 68, 21, 65, 39, 51, 13, 18, 8, 34, 8, 49, 39, 75, 61, 10, 37, 38, 29, 34, 31, 18, 39, 43, 39, 39, 17, 29, 63, 20, 50, 26, 62, 6, 28, 28, 33, 22, 61, 32, 68, 29, 27, 7, 5, 63, 80, 18, 44, 29, 29, 17, 17, 17
19, 63.884932339102086, 122.57935110900505, 125.58299153358976, 131.5001652370965, 136.8317792550763, 136.8317792550763, 140.3889892564027, 140.49162907727893, 146.32141599810456, 149.0246923802308, 152.6842019802823, 159.14860132956863, 159.14860132956866, 170.83254935666474, 170.83254935666474, 199.45138213611526, 211.20950522234753, 217.1166967769208, 218.53687875130305, 218.53687875130305, 219.9342128088897, 226.30003304741928, 227.55009456112958, 231.6617747990024, 232.81909925122193, 238.2167811436297, 240.9826877445233, 241.28967555450254, 241.88919356599126, 242.48355320222242, 245.56381372025095, 250.0, 250.0, 250.0, 250.0, 250.0, 250.0, 250.0, 250.0, 250.0, 250.0, 250.0, 250.0, 250.0, 250.0, 250.0, 250.0, 250.0, 250.0, 250.0, 250.0, 250.0, 250.0, 250.0, 250.0, 250.0, 250.0, 250.0, 250.0, 250.0, 250.0, 250.0, 250.0, 250.0, 250.0, 250.0, 250.0, 250.0, 250.0, 250.0, 250.0, 250.0, 250.0, 250.0, 250.0, 250.0, 250.0, 250.0, 250.0, 250.0, 250.0, 250.0, 250.0, 250.0, 250.0, 250.0, 250.0, 250.0, 250.0, 250.0, 250.0, 250.0, 250.0, 250.0, 261.0, 272.0, 14803.382229848103, 14887.262837585791, 43678.493866879726, 439137.90643149556, 22, 54, 17, 26, 30, 21, 25, 28, 39, 26, 20, 27, 29, 30, 15, 16, 8, 47, 12, 29, 31, 30, 44, 42, 4, 55, 35, 55, 55, 40, 45, 72, 28, 72, 38, 54, 21, 21, 75, 70, 32, 68, 39, 15, 8, 33, 35, 69, 63, 8, 34, 15, 20, 11, 10, 36, 42, 53, 32, 37, 34, 65, 43, 41, 17, 54, 50, 38, 23, 53, 39, 65, 43, 61, 18, 62, 51, 52, 72, 72, 21, 23, 57, 12, 30, 33, 8, 44, 78, 50, 31, 39, 57, 48, 12, 90, 54, 54, 54, 47
20, 63.884932339102086, 122.57935110900505, 125.58299153358976, 131.50016523709647, 136.8317792550763, 140.1662399632924, 140.3889892564027, 149.0246923802308, 152.6842019802823, 155.20013218967716, 159.14860132956863, 159.14860132956866, 159.1486013295687, 162.39330326182312, 163.1649543389426, 170.83254935666474, 170.83254935666474, 172.30773955004105, 199.03174044360202, 208.30033333412376, 211.2095052223475, 212.08853660208646, 218.53687875130305, 218.53687875130305, 221.03174044360202, 225.39350573245576, 226.30003304741928, 227.45065960666727, 227.55009456112958, 228.07779785128054, 231.6617747990024, 234.96710640444485, 238.2167811436297, 239.69145955073316, 240.56106362539091, 240.98268774452333, 241.28967555450254, 241.88919356599126, 242.48355320222242, 250.0, 250.0, 250.0, 250.0, 250.0, 250.0, 250.0, 250.0, 250.0, 250.0, 250.0, 250.0, 250.0, 250.0, 250.0, 250.0, 250.0, 250.0, 250.0, 250.0, 250.0, 250.0, 250.0, 250.0, 250.0, 250.0, 250.0, 250.0, 250.0, 250.0, 250.0, 250.0, 250.0, 250.0, 250.0, 250.0, 250.0, 250.0, 250.0, 250.0, 250.0, 250.0, 250.0, 261.0, 261.0, 261.0, 272.0, 360.0, 3231.322390404522, 14803.382229848105, 14878.572795582411, 14887.262837585791, 14887.262837585791, 14887.262837585791, 14887.262837585791, 14887.262837585791, 15007.628095353377, 15024.080901642335, 19704.04743191583, 35326.623961950696, 56751.40509087531, 22, 54, 17, 40, 30, 17, 25, 26, 20, 26, 27, 29, 21, 28, 31, 30, 15, 7, 21, 29, 14, 16, 12, 29, 63, 50, 30, 31, 44, 47, 42, 35, 55, 4, 32, 35, 55, 55, 40, 37, 72, 17, 8, 21, 70, 68, 63, 16, 37, 18, 8, 51, 50, 33, 13, 36, 45, 8, 32, 48, 110, 22, 15, 40, 15, 24, 31, 12, 84, 31, 23, 72, 24, 41, 36, 31, 66, 21, 29, 35, 38, 44, 19, 65, 12, 4, 17, 10, 22, 22, 23, 16, 11, 22, 22, 22, 22, 25, 22, 22
21, 63.884932339102086, 63.884932339102086, 122.57935110900505, 122.57935110900505, 123.62845534028804, 136.8317792550763, 140.3889892564027, 149.0246923802308, 149.0246923802308, 151.6838868198441, 152.6842019802823, 155.2001321896772, 158.471866636077, 159.14860132956866, 159.14860132956866, 159.1486013295687, 162.39330326182312, 170.83254935666474, 170.83254935666474, 172.30773955004105, 172.30773955004105, 175.5699608619508, 181.46542340406103, 184.29497744636734, 188.00274209392148, 191.07696559503694, 193.43624496523975, 195.4916290772789, 199.03174044360202, 202.60006609483858, 208.30033333412376, 211.20950522234753, 212.08853660208646, 218.53687875130305, 218.53687875130305, 221.03174044360208, 226.30003304741928, 227.45065960666727, 227.55009456112958, 228.07779785128054, 231.6617747990024, 233.4031684074492, 233.94806323357005, 234.96710640444485, 237.13518284679472, 238.2167811436297, 241.28967555450254, 241.88919356599126, 242.48355320222242, 246.8536878751303, 250.0, 250.0, 250.0, 250.0, 250.0, 250.0, 250.0, 250.0, 250.0, 250.0, 250.0, 250.0, 250.0, 250.0, 250.0, 250.0, 250.0, 250.0, 250.0, 250.0, 250.0, 250.0, 250.0, 250.0, 250.0, 250.0, 250.0, 250.0, 250.0, 250.0, 250.0, 250.0, 250.0, 250.0, 261.0, 272.0, 360.0, 368.6921651148799, 388.5354589481799, 476.08886328761434, 925.3909219231031, 14803.382229848103, 14887.262837585793, 14887.262837585793, 14887.262837585793, 14887.262837585793, 14887.262837585793, 14887.262837585793, 18593.11575284798, 22332.70449633251, 46, 22, 15, 54, 10, 40, 25, 17, 26, 41, 20, 26, 17, 30, 29, 21, 28, 15, 30, 29, 7, 31, 27, 31, 9, 7, 51, 41, 21, 40, 29, 14, 16, 29, 12, 63, 30, 31, 44, 47, 42, 32, 33, 35, 49, 55, 55, 55, 40, 32, 70, 68, 31, 34, 40, 35, 8, 110, 25, 61, 48, 47, 37, 58, 30, 50, 15, 47, 70, 41, 8, 63, 33, 9, 14, 72, 31, 72, 68, 45, 18, 50, 21, 17, 16, 71, 9, 50, 24, 30, 31, 22, 22, 4, 22, 7, 22, 22, 22, 25
22, 13.416480445204314, 63.884932339102086, 63.884932339102086, 77.94680193472713, 96.6882807081905, 106.81109708076826, 122.57935110900505, 122.57935110900505, 122.57935110900505, 122.57935110900505, 122.57935110900505, 123.62845534028806, 123.62845534028806, 125.58299153358976, 125.58299153358976, 136.8317792550763, 136.8317792550763, 140.3889892564027, 147.26560980625925, 149.0246923802308, 149.0246923802308, 151.6838868198441, 155.2001321896772, 158.30887399501185, 159.14860132956866, 159.14860132956866, 162.39330326182312, 170.83254935666474, 170.83254935666474, 172.30773955004105, 172.30773955004105, 172.30773955004105, 172.30773955004105, 175.50967371668557, 177.01315148521172, 181.46542340406103, 181.46542340406103, 184.29497744636734, 185.68347104039242, 191.07696559503694, 195.0831199816462, 195.4916290772789, 199.03174044360202, 200.37997390796716, 200.7870114649116, 202.60006609483858, 207.5771837239298, 208.30033333412376, 212.08853660208646, 215.93560946113507, 216.96966827897703, 217.1166967769208, 218.53687875130305, 221.7181224826199, 221.7181224826199, 225.420971704961, 226.30003304741928, 227.55009456112958, 228.07779785128054, 234.96710640444485, 237.25793511090052, 238.9354456049661, 242.48355320222242, 246.8536878751303, 250.0, 250.0, 250.0, 250.0, 250.0, 250.0, 250.0, 250.0, 250.0, 250.0, 250.0, 250.0, 250.0, 250.0, 250.0, 250.0, 250.0, 250.0, 250.0, 250.0, 251.03306128407002, 261.0, 283.0, 360.0, 360.0, 360.0, 360.0, 361.38465179591543, 428.11701864765996, 447.9077984974, 455.90060879980217, 3845.848253370389, 5911.402836145216, 14887.262837585791, 14887.262837585791, 14887.262837585791, 13, 22, 46, 27, 86, 68, 15, 16, 54, 68, 21, 27, 10, 7, 10, 40, 44, 25, 14, 26, 17, 41, 26, 25, 29, 30, 28, 30, 15, 29, 7, 43, 21, 14, 20, 21, 27, 31, 55, 4, 17, 41, 21, 31, 10, 40, 68, 29, 16, 18, 17, 19, 29, 54, 51, 62, 84, 44, 47, 31, 34, 32, 40, 32, 43, 45, 17, 37, 29, 32, 28, 61, 30, 14, 47, 42, 32, 35, 23, 61, 39, 70, 12, 40, 60, 33, 49, 14, 14, 16, 19, 19, 24, 35, 6, 58, 69, 12, 12, 46
23, 13.000330474192976, 13.000330474192976, 13.416480445204314, 24.24505182418248, 63.884932339102086, 63.884932339102086, 66.94373327215398, 75.21293114133906, 80.37775087368433, 84.8559387923014, 104.02630297042342, 107.80019828451579, 122.57935110900505, 122.57935110900505, 122.57935110900505, 122.57935110900505, 122.57935110900505, 122.57935110900505, 123.62845534028806, 123.62845534028806, 123.62845534028806, 123.62845534028806, 125.58299153358976, 125.58299153358976, 125.58299153358976, 125.58299153358976, 127.1048585248051, 127.19374240597658, 128.3552524753528, 136.8317792550763, 137.32527120173293, 140.3889892564027, 140.49162907727893, 147.26560980625925, 149.0246923802308, 149.0246923802308, 149.81394372962748, 151.6838868198441, 152.6842019802823, 159.14860132956866, 159.14860132956866, 162.39330326182312, 166.20013218967716, 172.30773955004105, 172.30773955004105, 172.30773955004105, 172.30773955004105, 172.30773955004105, 172.30773955004105, 175.50967371668557, 178.40554854038413, 179.2953062065497, 181.46542340406103, 185.68347104039242, 191.07696559503694, 193.3519788200018, 193.43624496523978, 193.43624496523978, 196.98203239955816, 200.37997390796716, 200.84194340992204, 202.60006609483858, 207.5771837239298, 213.3887466544308, 215.24642940867156, 215.93560946113507, 218.53687875130305, 218.53687875130305, 219.98874105110232, 221.7181224826199, 226.3000330474193, 228.07779785128054, 228.39330326182312, 237.25793511090052, 238.68317792550764, 238.9354456049661, 250.0, 250.0, 250.0, 250.0, 250.0, 250.0, 250.0, 250.0, 250.0, 250.0, 250.0, 250.0, 261.0, 261.0, 275.7716398178452, 281.30003304741933, 302.07637570721454, 360.0, 806.4902568664944, 1930.9972902351085, 2466.937352459149, 5099.1459750177255, 14887.262837585791, 14887.262837585791, 28, 39, 13, 29, 22, 46, 12, 11, 18, 51, 24, 38, 21, 16, 44, 68, 15, 54, 27, 4, 10, 18, 19, 10, 12, 7, 27, 22, 29, 40, 12, 25, 86, 14, 26, 17, 11, 41, 25, 29, 30, 28, 26, 6, 66, 43, 21, 29, 4, 14, 60, 14, 21, 55, 4, 25, 77, 39, 38, 31, 45, 40, 68, 17, 44, 18, 29, 24, 46, 54, 84, 11, 41, 34, 79, 32, 20, 32, 14, 70, 37, 21, 17, 46, 75, 62, 38, 23, 33, 30, 52, 63, 48, 15, 33, 24, 29, 87, 13, 13
24, 4.209717049610196, 13.000330474192976, 13.000330474192976, 13.416480445204314, 24.24505182418248, 43.569923490376716, 49.30861208187146, 57.82054664176424, 63.884932339102086, 63.884932339102086, 65.2910935397044, 65.2910935397044, 66.94373327215398, 66.94373327215398, 75.21293114133907, 80.37775087368433, 81.88144893822863, 108.59061241309934, 122.57935110900505, 122.57935110900505, 122.57935110900505, 122.57935110900505, 122.57935110900505, 122.57935110900505, 122.57935110900505, 122.57935110900505, 122.57935110900505, 122.57935110900505, 122.57935110900505, 123.62845534028804, 123.62845534028806, 123.62845534028806, 125.58299153358976, 125.58299153358976, 125.58299153358976, 125.58299153358976, 125.58299153358976, 125.58299153358976, 125.58299153358976, 127.1048585248051, 127.19374240597658, 127.19374240597658, 127.19374240597658, 127.19374240597658, 128.3552524753528, 131.50016523709647, 136.4520315371169, 136.4520315371169, 136.8317792550763, 136.8317792550763, 136.8317792550763, 136.8317792550763, 149.0246923802308, 149.0246923802308, 149.0246923802308, 149.81394372962748, 149.81394372962748, 152.6842019802823, 159.14860132956866, 159.71235525260883, 159.96121035216765, 161.53991873820166, 162.39330326182312, 162.39330326182315, 166.20013218967716, 168.3081702766032, 169.6912150696579, 172.30773955004105, 174.86211898551903, 175.50967371668557, 176.26291511488307, 176.3895221704194, 181.46542340406103, 191.07696559503694, 191.07696559503697, 193.43624496523978, 193.43624496523978, 200.37997390796716, 204.58081261484676, 207.5771837239298, 207.57718372392983, 216.0495337765229, 217.15559570256107, 218.53687875130305, 225.11659830671795, 227.74178241986445, 232.6232147043358, 237.71937424059766, 239.03889892564027, 250.0, 250.0, 250.0, 250.0, 250.0, 250.0, 250.0, 261.0, 327.0, 14887.262837585793, 2.34878514664253E35, 20, 39, 28, 13, 29, 27, 26, 22, 22, 46, 23, 43, 12, 25, 11, 18, 8, 22, 42, 24, 15, 5, 15, 54, 18, 21, 60, 16, 44, 51, 18, 10, 10, 7, 18, 12, 19, 9, 20, 27, 18, 10, 17, 22, 29, 38, 49, 69, 41, 40, 40, 16, 28, 26, 41, 11, 15, 25, 29, 21, 10, 49, 86, 28, 26, 26, 36, 29, 33, 14, 41, 33, 21, 21, 4, 77, 39, 31, 72, 68, 14, 70, 17, 29, 52, 13, 44, 30, 11, 45, 31, 41, 20, 46, 32, 38, 20, 23, 23, 28
25, 3.6720479500426784, 4.209717049610196, 4.209717049610196, 13.000330474192976, 13.000330474192976, 13.000330474192976, 13.416480445204314, 13.416480445204314, 20.330512389782513, 20.330512389782513, 24.24505182418248, 29.680636417477725, 43.569923490376716, 49.30861208187146, 49.30861208187146, 63.884932339102086, 65.2910935397044, 65.2910935397044, 65.2910935397044, 66.94373327215398, 66.94373327215398, 75.21293114133907, 80.37775087368433, 81.88144893822863, 94.76198418573397, 96.78660652364626, 97.98858237676383, 97.98858237676383, 108.04988826712258, 108.59061241309934, 109.16877536828315, 122.57935110900505, 122.57935110900505, 122.57935110900505, 122.57935110900505, 122.57935110900505, 122.57935110900505, 122.57935110900505, 122.57935110900505, 122.57935110900505, 122.57935110900505, 122.57935110900505, 122.57935110900505, 122.57935110900505, 122.57935110900505, 122.57935110900505, 122.57935110900505, 123.62845534028806, 125.58299153358976, 125.58299153358976, 125.58299153358976, 125.58299153358976, 125.58299153358976, 125.58299153358976, 127.1048585248051, 127.19374240597658, 127.19374240597658, 127.19374240597658, 131.50016523709647, 136.4520315371169, 136.8317792550763, 146.32141599810456, 146.32141599810456, 149.0246923802308, 149.0246923802308, 151.96980433192385, 152.6842019802823, 152.6842019802823, 162.39330326182315, 162.39330326182315, 170.51642207598184, 174.86211898551903, 179.29530620654967, 181.46542340406103, 191.07696559503694, 204.58081261484676, 206.15559570256107, 211.2095052223475, 218.53687875130305, 222.24691808122205, 226.3000330474193, 250.0, 250.0, 250.0, 261.0, 360.0, 360.0, 360.0, 360.0, 360.0, 529.5747952826409, 911.0548523927546, 4202.066528497026, 10320.135047590786, 14803.382229848103, 14803.382229848103, 14887.262837585793, 14887.262837585793, 27968.62823911047, Infinity, 15, 20, 13, 39, 22, 28, 13, 18, 15, 23, 29, 25, 27, 26, 26, 46, 43, 23, 20, 25, 12, 11, 18, 8, 12, 22, 6, 20, 29, 22, 13, 16, 5, 4, 54, 20, 45, 37, 44, 60, 19, 40, 21, 16, 11, 6, 15, 87, 12, 7, 25, 19, 16, 9, 27, 18, 22, 17, 38, 49, 43, 18, 15, 10, 41, 17, 46, 26, 37, 28, 28, 33, 46, 21, 21, 34, 28, 14, 29, 21, 26, 36, 24, 14, 31, 10, 25, 11, 15, 16, 48, 8, 46, 60, 20, 20, 8, 20, 20, 32
26, 3.6720479500426784, 4.209717049610196, 4.209717049610196, 4.209717049610196, 13.000330474192976, 13.000330474192976, 13.000330474192976, 13.416480445204314, 13.416480445204314, 13.416480445204314, 13.416480445204314, 20.330512389782516, 20.330512389782516, 20.330512389782516, 20.330512389782516, 24.24505182418248, 29.680636417477725, 30.98325815455787, 30.98325815455787, 30.98325815455787, 30.98325815455787, 43.569923490376716, 43.569923490376716, 43.569923490376716, 49.30861208187146, 49.30861208187146, 49.30861208187146, 60.828931463401695, 63.884932339102086, 65.2910935397044, 65.2910935397044, 65.2910935397044, 66.94373327215398, 66.94373327215398, 75.21293114133907, 80.3777508736843, 81.88144893822863, 94.76198418573397, 94.76198418573397, 96.68828070819049, 97.98858237676382, 97.98858237676382, 97.98858237676382, 97.98858237676383, 104.40677435887628, 108.04988826712258, 108.59061241309934, 108.59061241309934, 109.16877536828315, 111.44688966549718, 114.61346308155501, 122.57935110900505, 122.57935110900505, 122.57935110900505, 122.57935110900505, 122.57935110900505, 122.57935110900505, 122.57935110900505, 122.57935110900505, 122.57935110900505, 122.57935110900505, 122.57935110900505, 122.57935110900505, 123.62845534028804, 123.62845534028806, 124.23287483176352, 125.58299153358976, 125.58299153358976, 125.58299153358976, 127.1048585248051, 127.19374240597658, 131.50016523709647, 136.4520315371169, 136.8317792550763, 146.32141599810456, 149.0246923802308, 150.47436816537893, 151.75499392478127, 152.6842019802823, 156.37982919015445, 174.86211898551903, 201.93187098640556, 211.2095052223475, 261.0, 261.0, 360.0, 360.0, 360.0, 360.0, 360.0, 360.0, 360.0, 475.99315107246514, 721.0097063525976, 1507.1653720626346, 2111.824044802569, 2141.972597854877, 14776.332304304575, 14887.262837585793, 14887.262837585793, 15, 13, 20, 16, 39, 28, 15, 82, 18, 9, 13, 32, 23, 15, 27, 29, 25, 37, 29, 40, 39, 10, 26, 27, 26, 11, 35, 28, 46, 42, 43, 23, 25, 12, 11, 26, 8, 20, 12, 23, 13, 21, 37, 20, 13, 29, 21, 30, 13, 18, 24, 5, 33, 19, 15, 48, 37, 60, 24, 38, 54, 19, 44, 9, 87, 20, 19, 25, 36, 27, 18, 38, 16, 25, 15, 41, 10, 38, 26, 23, 33, 20, 14, 31, 11, 18, 10, 16, 24, 14, 28, 16, 30, 4, 35, 30, 11, 34, 4, 5
27, 3.6720479500426784, 3.7349263159956645, 4.209717049610196, 4.209717049610196, 4.209717049610196, 4.209717049610196, 12.792510021247125, 13.000330474192976, 13.000330474192976, 13.000330474192976, 13.000330474192976, 13.000330474192976, 13.000330474192976, 13.416480445204314, 13.416480445204314, 13.416480445204314, 13.416480445204314, 13.416480445204314, 13.416480445204314, 13.416480445204314, 13.416480445204314, 13.416480445204314, 20.330512389782516, 20.330512389782516, 20.330512389782516, 20.330512389782516, 20.330512389782516, 20.330512389782516, 20.330512389782516, 24.24505182418248, 29.680636417477725, 29.680636417477725, 29.680636417477725, 30.98325815455787, 30.98325815455787, 30.98325815455787, 30.98325815455787, 30.98325815455787, 30.98325815455787, 30.98325815455787, 30.98325815455787, 30.98325815455787, 43.569923490376716, 43.569923490376716, 43.569923490376716, 43.569923490376716, 47.70029742677368, 47.70029742677368, 49.30861208187146, 49.30861208187146, 49.30861208187146, 59.321867032659924, 60.828931463401695, 63.884932339102086, 64.2329246528731, 65.2910935397044, 65.2910935397044, 65.2910935397044, 65.2910935397044, 65.2910935397044, 65.2910935397044, 75.21293114133907, 84.10023133193508, 86.61634055320638, 94.76198418573397, 97.98858237676383, 97.98858237676383, 97.98858237676383, 97.98858237676383, 104.40677435887628, 108.59061241309934, 108.59061241309934, 109.69330404440578, 111.44688966549718, 118.58995489273472, 122.57935110900505, 122.57935110900505, 122.57935110900505, 122.57935110900505, 122.57935110900505, 125.58299153358976, 127.19374240597658, 136.4520315371169, 150.39086590141102, 150.47436816537893, 164.03561968418362, 168.6038213518543, 204.65430604093572, 261.0, 352.25248531198855, 360.0, 360.0, 360.0, 360.0, 360.0, 3529.40484045796, 14803.382229848103, 14887.262837585793, 14887.262837585793, 14887.262837585793, 15, 45, 20, 13, 25, 16, 31, 18, 19, 15, 28, 37, 39, 79, 13, 9, 19, 50, 13, 82, 18, 22, 32, 27, 28, 23, 15, 28, 30, 29, 25, 25, 25, 40, 29, 37, 7, 55, 25, 27, 23, 39, 21, 24, 60, 10, 31, 36, 26, 14, 29, 57, 28, 37, 44, 32, 52, 34, 43, 42, 43, 11, 40, 6, 20, 31, 21, 17, 37, 13, 35, 14, 8, 18, 23, 61, 7, 5, 41, 37, 25, 43, 50, 13, 10, 41, 37, 38, 11, 32, 26, 8, 9, 6, 23, 23, 15, 9, 6, 5
28, 0.24110081121945207, 0.24110081121945207, 0.9313638740757278, 3.6720479500426784, 3.6720479500426784, 3.6720479500426784, 3.7349263159956645, 3.7349263159956645, 3.7349263159956645, 4.209717049610196, 4.209717049610196, 4.209717049610196, 4.209717049610196, 4.209717049610196, 4.209717049610196, 12.792510021247123, 12.792510021247123, 12.792510021247125, 13.000330474192976, 13.000330474192976, 13.000330474192976, 13.000330474192976, 13.000330474192976, 13.000330474192976, 13.000330474192976, 13.000330474192976, 13.416480445204314, 13.416480445204314, 13.416480445204314, 13.416480445204314, 13.416480445204314, 13.416480445204314, 13.416480445204314, 13.416480445204314, 13.416480445204314, 13.416480445204314, 13.416480445204314, 13.416480445204314, 13.416480445204314, 13.416480445204314, 20.330512389782516, 20.330512389782516, 20.330512389782516, 20.330512389782516, 20.330512389782516, 20.330512389782516, 20.895132074537926, 29.680636417477725, 29.680636417477725, 29.680636417477725, 29.680636417477725, 29.680636417477725, 29.680636417477725, 30.98325815455787, 30.98325815455787, 30.98325815455787, 30.98325815455787, 30.98325815455787, 30.98325815455787, 30.98325815455787, 43.569923490376716, 43.569923490376716, 43.569923490376716, 47.70029742677368, 47.70029742677368, 47.70029742677368, 49.30861208187146, 49.30861208187146, 49.30861208187146, 49.30861208187146, 49.30861208187146, 49.30861208187146, 49.30861208187146, 60.828931463401695, 63.884932339102086, 64.2329246528731, 65.2910935397044, 65.2910935397044, 77.27614845076, 88.93774020898141, 89.23135867284776, 97.98858237676383, 109.16877536828315, 118.58995489273472, 122.57935110900505, 122.57935110900505, 122.57935110900505, 122.57935110900505, 181.09915371693478, 336.9555518593089, 360.0, 360.0, 360.0, 528.4034556107464, 3364.5785325387096, 14878.57279558241, 14887.262837585793, 14887.262837585793, 14887.262837585793, 2.2271849048463256E27, 75, 29, 45, 62, 15, 10, 38, 13, 45, 20, 5, 25, 16, 23, 13, 38, 77, 31, 64, 18, 82, 37, 15, 19, 28, 39, 26, 9, 19, 82, 50, 21, 28, 31, 67, 13, 22, 33, 79, 16, 32, 28, 28, 22, 30, 21, 50, 36, 25, 40, 25, 36, 21, 45, 29, 37, 12, 23, 16, 40, 21, 48, 24, 31, 36, 11, 14, 22, 29, 30, 19, 29, 26, 26, 34, 44, 34, 42, 29, 49, 26, 31, 37, 23, 5, 7, 73, 61, 64, 26, 22, 5, 20, 60, 75, 15, 15, 13, 15, 30
29, 0.24110081121945207, 0.24110081121945207, 0.24110081121945207, 0.24110081121945207, 0.24110081121945207, 0.9313638740757278, 3.6720479500426784, 3.6720479500426784, 3.6720479500426784, 3.734926315995665, 3.734926315995665, 3.734926315995665, 4.209717049610196, 4.209717049610196, 4.209717049610196, 4.209717049610196, 4.209717049610196, 4.209717049610196, 4.209717049610196, 4.209717049610196, 4.209717049610196, 4.209717049610196, 12.792510021247125, 12.792510021247125, 12.792510021247125, 12.792510021247125, 12.792510021247125, 12.792510021247125, 13.000330474192976, 13.000330474192976, 13.000330474192976, 13.000330474192976, 13.000330474192976, 13.000330474192976, 13.000330474192976, 13.000330474192976, 13.000330474192976, 13.000330474192976, 13.000330474192976, 13.000330474192976, 13.416480445204314, 13.416480445204314, 13.416480445204314, 13.416480445204314, 13.416480445204314, 13.416480445204314, 13.416480445204314, 13.416480445204314, 13.416480445204314, 13.416480445204314, 13.416480445204314, 13.416480445204314, 13.416480445204314, 13.416480445204314, 13.416480445204314, 13.416480445204314, 13.416480445204314, 13.416480445204314, 13.416480445204314, 17.095252849238168, 19.165141874574985, 20.330512389782513, 20.330512389782513, 20.330512389782513, 20.330512389782513, 20.330512389782516, 20.330512389782516, 20.330512389782516, 20.330512389782516, 20.89513207453793, 29.680636417477725, 29.680636417477725, 29.680636417477725, 29.680636417477725, 29.680636417477725, 30.98325815455787, 30.98325815455787, 30.98325815455787, 43.569923490376716, 43.569923490376716, 43.569923490376716, 48.07483240068388, 49.30861208187146, 49.30861208187146, 49.30861208187146, 49.30861208187146, 54.297461150804274, 60.828931463401695, 62.712572775729974, 65.2910935397044, 80.37775087368433, 81.88144893822863, 122.57935110900505, 122.57935110900505, 162.5899548927347, 360.0, 2521.1288036335995, 14878.57279558241, 22781.623930912567, Infinity, 53, 29, 75, 47, 54, 45, 15, 62, 24, 38, 45, 13, 45, 27, 24, 13, 24, 25, 20, 23, 16, 25, 10, 19, 77, 29, 15, 38, 64, 33, 28, 11, 37, 18, 34, 58, 82, 21, 15, 39, 23, 32, 30, 19, 34, 25, 58, 23, 9, 31, 22, 16, 33, 26, 18, 67, 56, 65, 82, 26, 27, 21, 38, 20, 37, 28, 30, 32, 28, 50, 27, 36, 8, 48, 21, 37, 16, 33, 42, 48, 39, 28, 71, 20, 38, 91, 30, 26, 22, 92, 30, 50, 18, 7, 34, 42, 46, 15, 75, 75
30, 0.24110081121945207, 0.24110081121945207, 0.24110081121945207, 0.24110081121945207, 0.24110081121945207, 0.24110081121945207, 0.24110081121945207, 0.24110081121945207, 0.24110081121945207, 0.24110081121945207, 0.24110081121945207, 0.9313638740757278, 0.9313638740757278, 0.9313638740757278, 0.9313638740757278, 1.751650163530041, 3.6720479500426784, 3.6720479500426784, 3.6720479500426784, 3.6720479500426784, 3.6720479500426784, 3.6720479500426784, 3.6720479500426784, 3.734926315995665, 3.734926315995665, 3.734926315995665, 4.209717049610196, 4.209717049610196, 4.209717049610196, 4.209717049610196, 4.209717049610196, 4.209717049610196, 4.209717049610196, 4.209717049610196, 4.209717049610196, 4.209717049610196, 4.209717049610196, 4.209717049610196, 4.209717049610196, 4.209717049610196, 12.792510021247125, 12.792510021247125, 12.792510021247125, 12.792510021247125, 12.792510021247125, 12.792510021247125, 12.792510021247125, 13.000330474192976, 13.000330474192976, 13.000330474192976, 13.000330474192976, 13.000330474192976, 13.000330474192976, 13.000330474192976, 13.000330474192976, 13.000330474192976, 13.000330474192976, 13.000330474192976, 13.000330474192976, 13.416480445204314, 13.416480445204314, 13.416480445204314, 13.416480445204314, 13.416480445204314, 13.416480445204314, 13.416480445204314, 13.416480445204314, 13.416480445204314, 13.416480445204314, 13.416480445204314, 13.416480445204314, 13.416480445204314, 13.416480445204314, 13.416480445204314, 20.330512389782516, 20.330512389782516, 20.330512389782516, 20.330512389782516, 20.330512389782516, 20.330512389782516, 29.680636417477725, 29.680636417477725, 39.788745344649165, 43.569923490376716, 49.30861208187146, 62.71257277572998, 63.399131436632665, 122.57935110900505, 360.0, 701.9863021449302, 701.9863021449302, 1063.4704303634715, 2099.32368643696, 2868.8100508660405, 2907.539381134619, 3481.963312992247, 3529.40484045796, 14887.262837585791, 15012.190316488108, 49616.54041303423, 33, 68, 29, 75, 53, 54, 62, 47, 56, 48, 34, 62, 66, 45, 26, 85, 38, 49, 21, 15, 9, 62, 24, 38, 13, 30, 24, 45, 25, 33, 16, 13, 12, 27, 20, 70, 63, 25, 25, 43, 39, 19, 29, 77, 51, 10, 31, 64, 80, 46, 27, 54, 11, 32, 28, 34, 33, 15, 20, 26, 30, 16, 16, 31, 39, 14, 52, 55, 67, 22, 19, 58, 13, 65, 38, 20, 30, 28, 41, 21, 84, 27, 23, 34, 23, 7, 17, 7, 23, 24, 7, 38, 7, 58, 10, 35, 36, 53, 53, 53
31, 0.24110081121945207, 0.24110081121945207, 0.24110081121945207, 0.24110081121945207, 0.24110081121945207, 0.24110081121945207, 0.24110081121945207, 0.24110081121945207, 0.24110081121945207, 0.24110081121945207, 0.24110081121945207, 0.24110081121945207, 0.24110081121945207, 0.24110081121945207, 0.24110081121945207, 0.24110081121945207, 0.24110081121945207, 0.24110081121945207, 0.24110081121945207, 0.24110081121945207, 0.24110081121945207, 0.24110081121945207, 0.24110081121945207, 0.24110081121945207, 0.9313638740757278, 0.9313638740757278, 0.9313638740757278, 0.9313638740757278, 0.9313638740757278, 0.9313638740757278, 0.9313638740757278, 0.9313638740757278, 1.751650163530041, 3.670951198352737, 3.6720479500426784, 3.6720479500426784, 3.6720479500426784, 3.6720479500426784, 3.6720479500426784, 3.6720479500426784, 3.6720479500426784, 3.6720479500426784, 3.6720479500426784, 3.6720479500426784, 3.6720479500426784, 3.734926315995665, 3.734926315995665, 3.734926315995665, 4.209717049610196, 4.209717049610196, 4.209717049610196, 4.209717049610196, 4.209717049610196, 4.209717049610196, 4.209717049610196, 4.209717049610196, 4.209717049610196, 4.209717049610196, 4.209717049610196, 4.209717049610196, 4.209717049610196, 6.502106789486216, 12.792510021247123, 12.792510021247123, 12.792510021247125, 13.000330474192976, 13.000330474192976, 13.000330474192976, 13.000330474192976, 13.000330474192976, 13.000330474192976, 13.000330474192976, 13.000330474192976, 13.000330474192976, 13.416480445204314, 13.416480445204314, 13.416480445204314, 13.416480445204314, 13.416480445204314, 13.416480445204314, 13.416480445204314, 13.416480445204314, 13.416480445204314, 20.330512389782516, 29.680636417477725, 29.680636417477725, 91.87950392673811, 149.61401883707234, 250.0, 360.0, 360.0, 360.0, 360.0, 360.0, 1063.4704303634715, 1756.3782243946137, 2084.1243726803505, 2868.8100508660405, 3529.40484045796, 14887.262837585793, 47, 9, 33, 33, 52, 57, 48, 29, 75, 53, 77, 40, 68, 62, 56, 21, 11, 22, 34, 22, 63, 68, 54, 57, 31, 66, 45, 51, 62, 44, 32, 26, 85, 15, 24, 9, 65, 15, 24, 68, 49, 17, 21, 62, 28, 13, 38, 35, 7, 25, 13, 59, 63, 27, 16, 54, 43, 45, 41, 35, 60, 37, 48, 46, 77, 28, 20, 51, 33, 54, 80, 56, 42, 41, 26, 30, 55, 47, 28, 34, 13, 15, 58, 41, 29, 27, 35, 31, 42, 41, 11, 11, 14, 44, 20, 9, 33, 60, 42, 33
32, 0.05112042756808254, 0.24110081121945204, 0.24110081121945204, 0.24110081121945204, 0.24110081121945204, 0.24110081121945204, 0.24110081121945204, 0.24110081121945204, 0.24110081121945204, 0.24110081121945204, 0.24110081121945204, 0.24110081121945204, 0.24110081121945204, 0.24110081121945204, 0.24110081121945204, 0.24110081121945204, 0.24110081121945204, 0.24110081121945204, 0.24110081121945204, 0.24110081121945207, 0.24110081121945207, 0.24110081121945207, 0.24110081121945207, 0.24110081121945207, 0.24110081121945207, 0.24110081121945207, 0.24110081121945207, 0.24110081121945207, 0.24110081121945207, 0.24110081121945207, 0.24110081121945207, 0.24110081121945207, 0.24110081121945207, 0.24110081121945207, 0.24110081121945207, 0.24110081121945207, 0.24110081121945207, 0.24110081121945207, 0.24110081121945207, 0.3463863305716676, 0.5942507588576718, 0.9313638740757278, 0.9313638740757278, 0.9313638740757278, 0.9313638740757278, 0.9313638740757278, 0.9313638740757278, 0.9313638740757278, 0.9313638740757278, 0.9313638740757278, 0.9313638740757278, 0.9313638740757278, 0.9313638740757278, 1.751650163530041, 3.6342486974646118, 3.670951198352737, 3.670951198352737, 3.6720479500426784, 3.6720479500426784, 3.6720479500426784, 3.6720479500426784, 3.6720479500426784, 3.6720479500426784, 3.6720479500426784, 3.6720479500426784, 3.7349263159956645, 3.734926315995665, 3.734926315995665, 4.209717049610196, 4.209717049610196, 4.209717049610196, 4.209717049610196, 4.209717049610196, 4.209717049610196, 4.209717049610196, 4.209717049610196, 4.209717049610196, 4.209717049610196, 4.209717049610196, 4.209717049610196, 4.209717049610196, 13.000330474192976, 13.000330474192976, 13.416480445204314, 13.416480445204314, 13.416480445204314, 13.416480445204314, 13.416480445204314, 17.095252849238168, 29.680636417477725, 29.680636417477725, 47.70029742677368, 47.70029742677368, 360.0, 360.0, 1003.1422475086604, 2868.8100508660405, 3186.9548066802117, 5300.361926359854, 15015.061256691095, 11, 34, 30, 35, 70, 8, 19, 43, 18, 49, 33, 41, 26, 47, 58, 64, 102, 65, 41, 40, 11, 62, 57, 22, 63, 29, 33, 57, 21, 34, 48, 9, 47, 56, 75, 52, 33, 22, 54, 47, 26, 32, 19, 31, 45, 51, 66, 26, 34, 49, 37, 45, 61, 85, 14, 32, 28, 39, 24, 17, 60, 68, 30, 32, 33, 16, 35, 13, 63, 30, 45, 55, 30, 41, 43, 60, 60, 13, 44, 25, 68, 28, 56, 26, 42, 30, 13, 34, 70, 59, 29, 46, 11, 14, 30, 18, 60, 28, 51, 47
33, 0.035700908238119035, 0.05112042756808254, 0.20712234065738808, 0.20712234065738808, 0.21403169446457457, 0.24110081121945207, 0.24110081121945207, 0.24110081121945207, 0.24110081121945207, 0.24110081121945207, 0.24110081121945207, 0.24110081121945207, 0.24110081121945207, 0.24110081121945207, 0.24110081121945207, 0.24110081121945207, 0.24110081121945207, 0.24110081121945207, 0.24110081121945207, 0.24110081121945207, 0.24110081121945207, 0.24110081121945207, 0.24110081121945207, 0.24110081121945207, 0.24110081121945207, 0.24110081121945207, 0.24110081121945207, 0.24110081121945207, 0.24110081121945207, 0.24110081121945207, 0.24110081121945207, 0.24110081121945207, 0.24110081121945207, 0.24110081121945207, 0.24110081121945207, 0.24110081121945207, 0.24110081121945207, 0.24110081121945207, 0.24110081121945207, 0.24110081121945207, 0.24110081121945207, 0.24110081121945207, 0.24110081121945207, 0.24110081121945207, 0.24110081121945207, 0.24110081121945207, 0.24110081121945207, 0.24110081121945207, 0.24110081121945207, 0.24110081121945207, 0.24110081121945207, 0.24110081121945207, 0.24110081121945207, 0.24110081121945207, 0.24110081121945207, 0.24110081121945207, 0.24110081121945207, 0.3463863305716676, 0.5942507588576718, 0.9313638740757278, 0.9313638740757278, 0.9313638740757278, 0.9313638740757278, 0.9313638740757278, 0.9313638740757278, 0.9313638740757278, 0.9313638740757278, 0.9313638740757278, 1.751650163530041, 1.751650163530041, 3.6342486974646118, 3.670951198352737, 3.670951198352737, 3.670951198352737, 3.6720479500426784, 3.6720479500426784, 3.6720479500426784, 3.6720479500426784, 3.6720479500426784, 3.6720479500426784, 4.209717049610196, 4.209717049610196, 4.209717049610196, 4.209717049610196, 4.209717049610196, 4.209717049610196, 6.302382657389466, 13.416480445204314, 13.416480445204314, 34.24476891688184, 37.36425895255237, 39.30484315503841, 111.56231756882195, 360.0, 360.0, 2021.7721669820378, 3529.40484045796, 4990.093925079955, 14887.262837585793, 14887.262837585793, 90, 11, 36, 46, 43, 38, 24, 54, 29, 28, 34, 54, 91, 47, 69, 17, 55, 49, 39, 65, 30, 70, 22, 79, 25, 33, 20, 57, 19, 55, 47, 92, 18, 57, 102, 41, 40, 22, 33, 56, 33, 58, 44, 8, 74, 22, 41, 63, 109, 47, 9, 21, 75, 11, 48, 36, 63, 47, 26, 37, 31, 23, 44, 60, 61, 19, 49, 32, 85, 23, 39, 28, 32, 13, 68, 30, 32, 32, 39, 44, 25, 89, 30, 45, 41, 24, 26, 32, 30, 61, 59, 39, 43, 30, 13, 31, 52, 55, 11, 11
34, 0.03570090823811903, 0.035700908238119035, 0.05112042756808254, 0.05112042756808254, 0.05112042756808254, 0.12990916012372314, 0.20712234065738808, 0.20712234065738808, 0.20712234065738808, 0.21403169446457457, 0.21403169446457457, 0.21403169446457457, 0.24110081121945207, 0.24110081121945207, 0.24110081121945207, 0.24110081121945207, 0.24110081121945207, 0.24110081121945207, 0.24110081121945207, 0.24110081121945207, 0.24110081121945207, 0.24110081121945207, 0.24110081121945207, 0.24110081121945207, 0.24110081121945207, 0.24110081121945207, 0.24110081121945207, 0.24110081121945207, 0.24110081121945207, 0.24110081121945207, 0.24110081121945207, 0.24110081121945207, 0.24110081121945207, 0.24110081121945207, 0.24110081121945207, 0.24110081121945207, 0.24110081121945207, 0.24110081121945207, 0.24110081121945207, 0.24110081121945207, 0.24110081121945207, 0.24110081121945207, 0.24110081121945207, 0.24110081121945207, 0.24110081121945207, 0.24110081121945207, 0.24110081121945207, 0.24110081121945207, 0.24110081121945207, 0.24110081121945207, 0.24110081121945207, 0.24110081121945207, 0.24110081121945207, 0.24110081121945207, 0.24110081121945207, 0.24110081121945207, 0.24110081121945207, 0.24110081121945207, 0.24110081121945207, 0.24110081121945207, 0.24110081121945207, 0.24110081121945207, 0.24110081121945207, 0.24110081121945207, 0.24110081121945207, 0.24110081121945207, 0.24110081121945207, 0.24110081121945207, 0.24110081121945207, 0.24110081121945207, 0.24110081121945207, 0.24110081121945207, 0.24110081121945207, 0.24110081121945207, 0.24110081121945207, 0.24110081121945207, 0.24110081121945207, 0.24110081121945207, 0.24110081121945207, 0.3463863305716676, 0.9313638740757278, 0.9313638740757278, 0.9313638740757278, 1.751650163530041, 3.6342486974646118, 3.670951198352737, 3.670951198352737, 4.209717049610196, 4.209717049610196, 30.98325815455787, 76.95368148001197, 77.57043356502989, 149.61401883707234, 360.0, 857.3634484263234, 2072.8281043913266, 3174.388281093781, 8996.221903197033, 14887.262837585793, 14887.262837585793, 85, 90, 40, 46, 11, 33, 46, 23, 36, 63, 43, 52, 34, 29, 44, 47, 113, 38, 82, 34, 22, 29, 9, 41, 55, 70, 53, 19, 74, 40, 47, 75, 30, 109, 56, 40, 31, 24, 63, 41, 25, 57, 55, 22, 53, 63, 69, 54, 33, 47, 57, 17, 35, 58, 33, 44, 37, 33, 8, 73, 24, 43, 25, 157, 9, 7, 21, 50, 33, 74, 35, 37, 91, 39, 58, 37, 23, 36, 11, 47, 37, 19, 51, 85, 45, 28, 32, 70, 89, 70, 18, 63, 20, 27, 48, 23, 33, 37, 11, 90
35, 0.03570090823811903, 0.03570090823811903, 0.035700908238119035, 0.051120427568082535, 0.05112042756808254, 0.05112042756808254, 0.05112042756808254, 0.07873707630774562, 0.12990916012372317, 0.12990916012372317, 0.1417040321740288, 0.18658773686878485, 0.20712234065738808, 0.20712234065738808, 0.20712234065738808, 0.21403169446457454, 0.21403169446457454, 0.21403169446457457, 0.21403169446457457, 0.24110081121945207, 0.24110081121945207, 0.24110081121945207, 0.24110081121945207, 0.24110081121945207, 0.24110081121945207, 0.24110081121945207, 0.24110081121945207, 0.24110081121945207, 0.24110081121945207, 0.24110081121945207, 0.24110081121945207, 0.24110081121945207, 0.24110081121945207, 0.24110081121945207, 0.24110081121945207, 0.24110081121945207, 0.24110081121945207, 0.24110081121945207, 0.24110081121945207, 0.24110081121945207, 0.24110081121945207, 0.24110081121945207, 0.24110081121945207, 0.24110081121945207, 0.24110081121945207, 0.24110081121945207, 0.24110081121945207, 0.24110081121945207, 0.24110081121945207, 0.24110081121945207, 0.24110081121945207, 0.24110081121945207, 0.24110081121945207, 0.24110081121945207, 0.24110081121945207, 0.24110081121945207, 0.24110081121945207, 0.24110081121945207, 0.24110081121945207, 0.24110081121945207, 0.24110081121945207, 0.24110081121945207, 0.24110081121945207, 0.24110081121945207, 0.24110081121945207, 0.24110081121945207, 0.24110081121945207, 0.24110081121945207, 0.24110081121945207, 0.24110081121945207, 0.24110081121945207, 0.24110081121945207, 0.24110081121945207, 0.24110081121945207, 0.24110081121945207, 0.24110081121945207, 0.24110081121945207, 0.24110081121945207, 0.24110081121945207, 0.24110081121945207, 0.24110081121945207, 0.24110081121945207, 0.24110081121945207, 0.24110081121945207, 0.24110081121945207, 0.24110081121945207, 0.24110081121945207, 0.3463863305716676, 0.8498467503385968, 1.9494174571654892, 29.680636417477725, 30.98325815455787, 34.24476891688184, 34.24476891688184, 36.216990730097514, 43.569923490376716, 4980.1263847147275, 16753.188269484424, 1.945413158751207E25, 3.101811614517009E156, 85, 63, 90, 46, 40, 11, 46, 71, 56, 33, 40, 30, 23, 36, 46, 38, 17, 43, 63, 25, 21, 82, 100, 34, 35, 30, 30, 47, 58, 81, 34, 40, 30, 9, 157, 58, 35, 44, 20, 62, 58, 41, 52, 38, 72, 49, 25, 57, 63, 39, 84, 47, 65, 25, 19, 42, 20, 21, 23, 92, 33, 35, 12, 21, 9, 7, 26, 22, 36, 66, 75, 33, 91, 33, 73, 55, 89, 22, 74, 25, 32, 26, 65, 21, 37, 44, 53, 81, 43, 50, 70, 12, 93, 22, 8, 54, 94, 85, 85, 85
36, 1.320597130236236E-5, 0.03570090823811903, 0.03570090823811903, 0.03570090823811903, 0.03570090823811903, 0.035700908238119035, 0.051120427568082535, 0.051120427568082535, 0.051120427568082535, 0.051120427568082535, 0.051120427568082535, 0.051120427568082535, 0.05112042756808254, 0.05112042756808254, 0.07873707630774562, 0.07873707630774562, 0.07873707630774562, 0.12990916012372314, 0.12990916012372314, 0.12990916012372314, 0.12990916012372317, 0.12990916012372317, 0.14170403217402883, 0.18658773686878485, 0.18658773686878485, 0.18658773686878485, 0.20712234065738808, 0.20712234065738808, 0.20712234065738808, 0.20712234065738808, 0.20712234065738808, 0.20712234065738808, 0.21403169446457454, 0.21403169446457454, 0.21403169446457454, 0.21403169446457454, 0.21403169446457454, 0.21403169446457454, 0.24110081121945207, 0.24110081121945207, 0.24110081121945207, 0.24110081121945207, 0.24110081121945207, 0.24110081121945207, 0.24110081121945207, 0.24110081121945207, 0.24110081121945207, 0.24110081121945207, 0.24110081121945207, 0.24110081121945207, 0.24110081121945207, 0.24110081121945207, 0.24110081121945207, 0.24110081121945207, 0.24110081121945207, 0.24110081121945207, 0.24110081121945207, 0.24110081121945207, 0.24110081121945207, 0.24110081121945207, 0.24110081121945207, 0.24110081121945207, 0.24110081121945207, 0.24110081121945207, 0.24110081121945207, 0.24110081121945207, 0.24110081121945207, 0.24110081121945207, 0.24110081121945207, 0.24110081121945207, 0.24110081121945207, 0.24110081121945207, 0.24110081121945207, 0.24110081121945207, 0.24110081121945207, 0.24110081121945207, 0.24110081121945207, 0.24110081121945207, 0.24110081121945207, 0.24110081121945207, 0.24110081121945207, 0.24110081121945207, 0.24110081121945207, 0.24110081121945207, 0.24110081121945207, 0.24110081121945207, 0.24110081121945207, 0.24110081121945207, 0.24110081121945207, 0.24110081121945207, 0.24110081121945207, 0.24110081121945207, 0.24110081121945207, 0.24110081121945207, 6.702489508847295, 36.216990730097514, 360.0, 14887.262837585793, 34350.21943066213, 41628.26759863115, 40, 21, 55, 63, 85, 90, 36, 42, 39, 41, 46, 41, 40, 46, 70, 38, 71, 69, 48, 34, 33, 56, 109, 34, 31, 30, 53, 36, 68, 61, 23, 48, 38, 20, 48, 56, 25, 32, 33, 33, 91, 64, 34, 43, 35, 72, 6, 17, 81, 70, 93, 30, 21, 25, 50, 75, 22, 30, 7, 82, 63, 23, 58, 57, 47, 47, 21, 19, 26, 69, 63, 75, 49, 28, 58, 72, 23, 27, 20, 21, 157, 21, 18, 20, 37, 30, 75, 37, 74, 42, 58, 41, 18, 126, 25, 55, 34, 85, 85, 85
