0, 45550.76668913205, 48631.291248200636, 28818.307623700824, 46546.661005639806, 2.6613339327001896E7, 43267.755347950886, 52022.10281943885, 45660.13367915572, 44104.52563846186, 44247.770145607494, 45248.53752618924, 43662.782598152, 48832.7252036604, 35732.55759868172, 41761.95317530479, Infinity, 41690.091590268086, 138269.8598514098, 43653.46258187229, 45880.300889299535, 34860.68386389256, 47478.304112580976, 35595.09259396195, 39753.15611294013, 44611.028560389204, 42678.79273278738, 37077.91552502168, 42762.927135820464, 47957.43803155307, 42595.63276201521, 61215.490491329816, 2431604.154807594, 47209.15137438202, Infinity, 46467.070462779986, 44328.57195337735, 42300.28055600796, 44352.32340137122, 42453.56218324467, 41581.050916602195, 75262.8362457135, 37625.827273974355, 51797.720864722585, 41684.941978302624, 50522.613899457785, 46268.696117974, 47368.87546993641, 43561.652296160835, 47460.629983576524, 47324.22673854073, 42584.35742722685, 40642.3229005693, 45891.09313841913, 36022.15297498827, 39871.383958368526, 168781.79503994752, 70625.80041382182, Infinity, 44273.57360679589, 46563.04056024026, 45678.05944119767, 45302.99568056849, 46580.02616478238, 48892.885136247234, 41433.34002468644, Infinity, 42079.53589670243, 40264.12173317919, 45609.30144867123, 45753.72063690112, 47923.642270963, 44075.77484513008, 42831.543847556786, 43469.02753457189, 48326.47052137774, 37975.725949823165, 44437.287703976726, 49613.71920912442, 49694.95209687691, 53045.96611265664, 123240.26311153948, 48584.98398291423, 44498.39298028715, 48253.87431490476, 48030.26205401665, 39286.2123698024, 49706.238422384675, 43431.80249265872, 35126.65811802008, 37173.76837339936, 39131.78422136899, 40973.66780678972, 42654.48714002579, 275.68868394027083, 57406.708082728495, 43519.152685438065, 145860.8424652362, 82535.32266427127, 50264.23557016774, 44065.93135614366
1, 32680.676896629127, 34294.76727936361, 34588.054963749666, 35349.545527361755, 35485.98188364915, 35933.40730072748, 35956.95085181997, 36161.66738650934, 36294.27639806889, 36389.3776594243, 36659.19431102452, 36764.429554261435, 36830.80610527428, 36858.4457004741, 36993.20187693799, 37098.19030981815, 37105.49040837405, 37124.29593390663, 37147.72568246421, 37174.31795165864, 37595.10699690593, 37762.37165853814, 38056.28607636415, 38137.40310394303, 38139.72803250032, 38238.414417401196, 38368.897568516346, 38462.04124221175, 38535.93745146204, 38561.4705462341, 38626.23647136699, 38827.6168091931, 38860.98205735681, 38896.78583748218, 38937.83743350683, 39048.79287193938, 39162.47189648631, 39179.02667973676, 39268.31595202435, 39315.99787255026, 39334.05822216468, 39414.81434206622, 39416.83339791259, 39423.179220873906, 39458.09763374971, 39528.34584313553, 39595.69041799524, 39645.2808460398, 39662.61264350528, 39796.13970590679, 39849.234663324736, 39905.56598223978, 39948.233478077214, 39952.462881148815, 39985.032409345986, 40021.01250580585, 40083.92483616035, 40094.83934964544, 40200.73012747758, 40202.624879987576, 40225.56516649533, 40244.0820013587, 40255.824405061845, 40332.680327692724, 40365.088597174064, 40373.13684275183, 40419.72286878648, 40494.241871603524, 40503.30056347557, 40529.17935853301, 40534.18090044549, 40596.307253786115, 40596.56994901269, 40608.97864231155, 40630.872293023516, 40739.56336778172, 40759.58255967694, 40764.87135274832, 40794.28163659907, 40795.01476481781, 40805.15621430221, 40825.76838442641, 40905.8061610701, 40917.53498498491, 40944.71917699231, 40967.439347902604, 41020.44943865435, 41050.45681069254, 41080.32080377965, 41081.32051112708, 41132.77884628041, 41147.65649113573, 41161.0461856993, 41176.030860974846, 41264.12053760168, 41303.82523036521, 41311.5873884566, 41438.725407608326, 41440.01963286572, 41449.025178590586
2, 31180.927761643616, 34409.843227950725, 34533.7113029081, 34903.75983052411, 35016.5608692205, 35085.46877733402, 35334.65317269944, 35386.02360877353, 35505.37081161445, 35560.53533535888, 35768.96935293461, 35772.45284665044, 35926.104713047214, 35977.159539037784, 36018.451393527735, 36177.42169706821, 36236.80394959857, 36728.05822481453, 36758.11705223812, 37078.713951056634, 37105.82483690315, 37438.67047555232, 37464.43223189679, 37677.00584413732, 37706.811980154824, 37770.74384588494, 37787.79046679664, 37790.758428303554, 37804.78136656231, 37822.750978379845, 37832.82581608271, 37848.502035248166, 37924.24930824368, 37969.65247157006, 38024.521557062, 38066.40789592181, 38211.85617040836, 38256.13767767235, 38298.24104383375, 38317.98122635853, 38340.88445832056, 38365.38595607768, 38415.81923874288, 38428.213105376846, 38429.79770893338, 38679.8754982274, 38709.1290165752, 38718.903743994175, 38776.34475339215, 38789.77514357881, 38891.67068367503, 39083.04124010655, 39121.765173420645, 39249.87675373744, 39265.96248223608, 39342.83159339034, 39464.14290715091, 39493.83417294136, 39601.45232208496, 39608.50553145845, 39618.00199900655, 39716.52628660093, 39728.155417309514, 39831.49140850862, 39887.31568590817, 39904.469498249084, 39906.31679590565, 39963.228754445074, 40049.857877177936, 40141.57014170404, 40380.37599676576, 40391.86162536846, 40428.72878105621, 40431.28427770963, 40437.75515734993, 40490.60272786519, 40494.46470202026, 40516.43234025741, 40529.56987480345, 40596.32192964788, 40607.5478176073, 40628.58896475811, 40643.546103026834, 40669.59866417263, 40673.86849672434, 40717.20743486628, 40718.11965375465, 40743.7515345257, 40759.1595179826, 40767.37702851067, 40779.65554782517, 40783.63803058423, 40790.20963217642, 40791.118112291464, 40804.99214563261, 40859.22444600455, 40872.148355637684, 40891.216141006655, 40899.40242032656, 40934.19743539354
3, 30910.160837069387, 31743.919420568225, 33033.08843862014, 33244.694939582754, 35399.045845806024, 35751.66468871033, 35767.47972888597, 35863.36004937298, 36007.987132675844, 36014.34072985929, 36022.57613617528, 36051.977135098845, 36145.34367285797, 36255.061286848075, 36567.990419641545, 36668.28152253207, 36803.80908131738, 37030.729653864284, 37105.04390830446, 37110.12603953109, 37245.26669697219, 37321.91921797185, 37325.57345911764, 37428.44167635655, 37506.02233229539, 37627.53575091931, 37640.52179278874, 37653.286455141366, 37862.50744530645, 37867.424932545095, 38040.64520699112, 38073.28817730203, 38082.65046311845, 38147.60250796633, 38149.05108210037, 38193.728958278276, 38196.85175634747, 38254.27934761299, 38259.648446646956, 38278.801856175014, 38351.32351491748, 38356.00806596965, 38358.97938416125, 38457.832842488206, 38463.92214927165, 38489.65527334095, 38540.55336520376, 38541.30692843041, 38718.45071943908, 38718.58321561341, 38789.89142790272, 38886.133770035034, 38905.418788258256, 38946.64546785929, 38977.691017918136, 39022.594770230055, 39060.58947621427, 39165.12848685255, 39304.403710883606, 39320.037533920164, 39362.33197812009, 39384.53611784784, 39423.346178934495, 39564.9723136357, 39726.6914690421, 39750.256976911216, 39808.68231862249, 39808.91867054955, 39884.186611922414, 40022.23925990554, 40031.12148210053, 40071.16158614529, 40092.85379034968, 40200.96558244101, 40260.49492323294, 40272.498247818796, 40289.031387784, 40317.78013842307, 40353.3191764679, 40359.809563129435, 40376.2948223019, 40391.671228817926, 40392.81361858381, 40423.58339041757, 40426.590834901646, 40474.1995450427, 40474.37703022244, 40484.87152568712, 40501.29835953626, 40554.5684468994, 40559.36845639791, 40572.14985873317, 40583.2667171055, 40590.55989422684, 40609.38201374924, 40612.14750167629, 40616.014261824166, 40645.58119931065, 40660.74767216745, 40715.437867844186
4, 32495.32594267307, 32704.348734487216, 32806.900376813275, 33922.66337667894, 33929.00414321314, 34259.34037759062, 34463.14284821576, 34743.00688810366, 34856.72680077389, 35153.32223065671, 35379.59693886344, 35726.63177068792, 35802.51031429713, 36044.55513614443, 36533.892782772455, 36546.371734134445, 36844.31149235754, 36978.53253065918, 36993.33173725057, 37147.50454377236, 37484.514191244474, 37830.337520877896, 37879.13663990144, 37901.714247033975, 37921.49189170016, 37971.409442736585, 38096.86758585113, 38254.39189817443, 38331.1590716164, 38382.671524574434, 38496.572053672826, 38577.00240284789, 38579.702831699215, 38634.31506627762, 38654.15262231042, 38655.770495069926, 38708.013296551726, 38824.59300313836, 38846.97930149024, 38856.690794032125, 38900.47971132526, 38913.45820666447, 38930.83956949263, 39153.77849108934, 39182.35209298034, 39198.77543804291, 39292.74043377777, 39326.47414148344, 39326.93684767382, 39346.04521475455, 39364.83120208404, 39367.18711849269, 39371.672798498716, 39401.75893926582, 39408.87310708547, 39498.4333442589, 39498.92102398026, 39557.82284713421, 39657.79632936941, 39719.414546345615, 39741.84101635444, 39799.13483065674, 39822.07434621634, 39885.12167011196, 39898.02139728057, 39946.97667272345, 39980.889323469746, 40042.946206689056, 40055.245420721156, 40085.37301271061, 40120.39290867965, 40130.98858591936, 40214.39785829893, 40220.88336042657, 40225.08295438333, 40239.20693463397, 40249.72985727398, 40256.58437552594, 40261.641719335435, 40266.73560095184, 40269.67777978499, 40278.1014658303, 40295.99267481041, 40311.033506199485, 40324.20551072539, 40425.10802819376, 40438.5567504433, 40464.684251139144, 40482.74170240529, 40513.77620938844, 40540.30634393234, 40615.626148690026, 40631.55589836359, 40636.71347925195, 40688.80464249521, 40752.96279699473, 40775.309486401595, 40785.50943534782, 40797.62211191671, 40813.802226239706
5, 31837.753849926765, 33162.31934374727, 33217.10493224765, 33709.41757832207, 33983.21686935428, 34138.23544275693, 34171.49834684595, 34560.75021778642, 35073.37927304051, 35281.958850733135, 35451.4272015537, 35578.19082272065, 35583.233057123536, 35902.66572437267, 36040.40152575871, 36165.960679547585, 36208.75804526501, 36272.468690311754, 36486.40309045357, 36541.33458612694, 36577.21679840111, 36613.38642222764, 36749.37331465558, 36794.073440566586, 36845.97193041133, 37033.2734585851, 37043.55479036147, 37067.60795435541, 37097.25790752634, 37204.48700836403, 37214.846467752635, 37255.853694163794, 37340.26817168095, 37411.03540610097, 37450.469558605226, 37491.64180010462, 37631.29484869349, 37788.949074039134, 37843.6501289634, 37943.29490530353, 37944.76193763283, 37980.30727231847, 38100.50141325833, 38140.935084659766, 38185.992154912536, 38196.59107320396, 38438.69318574478, 38527.6871418801, 38607.22241252777, 38611.944287692786, 38639.205747022985, 38743.838702671754, 38788.50586916084, 38800.383410415336, 38850.85517106928, 38944.673502222366, 38969.18810852604, 39034.55688378037, 39133.68405147434, 39186.12816309576, 39211.6683881232, 39227.420951402084, 39230.58550258088, 39263.6794030352, 39298.833134340326, 39332.6301023522, 39342.253687680204, 39454.27627291843, 39570.885202740275, 39582.56596415282, 39622.68721311355, 39642.696046395, 39654.18892377387, 39662.073179869854, 39691.51090457699, 39699.95120794438, 39726.93360978463, 39760.11208647437, 39792.10084692105, 39806.90281477821, 39847.165730399414, 39905.43057741594, 40049.060741695146, 40098.92349117429, 40152.56833938834, 40170.1602668669, 40254.10792247099, 40302.44810028547, 40344.32613697622, 40375.22865369906, 40378.8181211054, 40381.31559407314, 40406.70180073667, 40420.57788278707, 40436.239965398374, 40451.19198654859, 40467.101643069545, 40477.99195115496, 40501.67088088648, 40540.895559162265
6, 30855.925912823244, 31492.704821658455, 32196.481602101103, 32717.881196458493, 33033.857786193104, 33706.793603138074, 34085.04609334819, 34166.25476882099, 34203.003571353285, 34494.09969262916, 34548.9427753895, 34576.73789769052, 34780.70664403825, 35034.18854953564, 35247.17098215185, 35293.3891650855, 35299.47330154224, 35317.953473839094, 35368.6696578305, 35490.46868887905, 35642.02555007923, 35810.306332183536, 35846.00660599619, 35873.4053245901, 35939.64423510665, 35993.707389008094, 36004.943011129064, 36008.83549110772, 36047.96185049776, 36318.43011109095, 36457.650777590745, 36469.31303407291, 36481.22460315338, 36656.217708685486, 36742.577037280855, 36842.34740958064, 37029.555745739475, 37065.302497889425, 37110.784189070604, 37167.59496372981, 37191.18584675233, 37223.87305920148, 37320.4646459041, 37331.70230490291, 37392.19270262576, 37454.374174597724, 37658.03550416877, 37791.50050424717, 37911.863936245805, 37979.22552199711, 38038.17201768798, 38179.13572928212, 38183.03107558495, 38186.13507828882, 38243.60469167488, 38401.44644598777, 38446.01070946345, 38549.108903734865, 38558.07448368238, 38571.26153581489, 38575.17407216624, 38584.98870652753, 38611.128352917396, 38611.23761527775, 38698.4785883401, 38705.71741448737, 38754.12674784767, 38844.428601516316, 38863.90982205697, 38875.72996750499, 38947.5714064934, 38960.61287248036, 39026.223062683144, 39053.88494169409, 39161.85016532643, 39205.71579426712, 39218.20432345108, 39273.15929188598, 39330.74021867342, 39375.73812042543, 39390.71483837155, 39393.016928191806, 39404.61205902778, 39416.96087416079, 39426.139965589755, 39439.56242535985, 39462.558403416835, 39527.40533987289, 39542.695523856426, 39542.8693031641, 39559.085908531546, 39596.617417503825, 39616.93464484744, 39646.828540703646, 39658.54164531261, 39713.223015190066, 39860.60443523961, 39884.31628364123, 39916.034736693044, 39939.0240936354
7, 29083.583665613107, 29480.17595018994, 29545.66777376261, 30181.882677148533, 31499.9003149591, 32035.830145532695, 32429.236631351694, 33237.809055357386, 33354.187269735354, 33516.32925904052, 34220.40350575081, 34322.658538884105, 34347.80526609849, 34557.96612737339, 34946.93126992037, 35030.703451832516, 35087.57388700993, 35114.76718598375, 35145.54857384739, 35296.45572852267, 35688.37916125307, 35707.8018415865, 36080.12510776436, 36109.99618949249, 36164.87690256364, 36296.52948460816, 36370.08760133548, 36390.01417326729, 36598.102922062695, 36602.60702877496, 36656.29345825493, 36947.72195049116, 36963.331706334706, 36987.130700016045, 37023.67407432673, 37090.90615081938, 37122.91228604749, 37381.74814263736, 37602.416281624304, 37686.77666448366, 37737.39502344391, 37772.68556377594, 37889.01959150117, 37924.12815538829, 37945.30503944355, 37961.26096026324, 37989.18845366698, 37998.28334556922, 38000.397811365256, 38046.97656329139, 38064.52935096496, 38143.700415693536, 38238.4900837938, 38298.97207444805, 38555.75141004284, 38651.15297489944, 38665.16715859252, 38671.317276210306, 38736.43660891829, 38749.50669688355, 38786.01438983435, 38806.70657920393, 38819.09984734906, 38867.376181986794, 38944.53896993893, 38968.77184706367, 38972.19990859199, 38994.81245474098, 39017.13579117971, 39021.887267533486, 39023.45338498599, 39084.41061820881, 39098.44496844441, 39134.736017231415, 39223.816895418444, 39224.253946073484, 39246.143729389, 39273.4504614207, 39311.79681445854, 39452.243773585986, 39460.822236684995, 39464.74185088919, 39497.33821815958, 39533.38541086832, 39549.14266647524, 39610.88632380208, 39617.408966567185, 39619.63465827082, 39624.67216409675, 39678.498079456556, 39685.90707180174, 39715.68303642518, 39721.22460231182, 39726.680148084684, 39735.03914498049, 39788.28442816246, 39811.13871040516, 39817.6104065752, 39817.69964354879, 39879.45460271404
8, 28466.094602638597, 30900.186274016585, 31572.407791252746, 32598.201765417674, 32609.93192415418, 32918.863976156485, 32976.44762852953, 33051.0208585834, 33105.97284822655, 33561.963779064965, 33965.700656772126, 34119.12814393228, 34213.81739796313, 34306.464775905944, 34351.441595321, 34562.866632315294, 34567.502122755475, 34735.88788493352, 34741.637262546275, 34940.79643621615, 35146.289786494795, 35150.239772432236, 35492.85882554696, 35631.43786495925, 35640.89887498915, 35756.13084360533, 35827.809517453476, 35956.6442417269, 36008.89131386755, 36010.40382606389, 36052.52599144523, 36104.35151018576, 36130.06980396748, 36178.60204164347, 36255.41175907151, 36295.04509919391, 36391.47719072831, 36402.59622811851, 36411.727112517656, 36496.46255135549, 36518.70164183481, 36534.96582294132, 36535.58725507095, 36572.060363407225, 36628.97257644648, 36757.772644354656, 36784.535562770696, 36825.15449177613, 36838.26510319067, 36920.79192545019, 37045.37858308902, 37104.110999192584, 37124.4822832306, 37141.977650040004, 37205.30505493637, 37223.10311856497, 37296.43736740507, 37320.437748508986, 37328.56353345884, 37354.261145650744, 37363.93593784614, 37421.64334123916, 37439.10661252478, 37459.68415753842, 37554.608336725556, 37604.553669260575, 37654.69337412247, 37950.20354483993, 37979.58284269544, 38010.97924099038, 38098.59755677604, 38112.378466868846, 38151.37291209934, 38157.69857213204, 38343.96116035423, 38368.140739915696, 38372.540862335656, 38381.15364710573, 38389.772485214824, 38429.48555663136, 38429.77325849659, 38452.572584703004, 38466.09421149846, 38467.12595138025, 38469.20305980225, 38480.08864543398, 38499.87952480336, 38603.531761225335, 38655.8610602403, 38675.16878387058, 38699.35546932939, 38704.545585729575, 38723.25085523185, 38726.963310184816, 38773.45407750826, 38793.10369669299, 38806.56353651231, 38809.818570750445, 38851.27474916523, 38892.28367765122
9, 30383.23055881168, 30727.22274560133, 31670.359392571896, 31941.815190910893, 32436.703637728184, 32463.94088532941, 32517.828650492575, 32622.084252190143, 32678.5332666278, 32904.17732510036, 33086.90180131873, 33330.577593386566, 33464.93410847716, 33482.620115330705, 33684.97581607779, 33686.19915105589, 33767.05806452926, 34041.93574341759, 34086.06254771413, 34097.93146049367, 34273.112280047106, 34293.85643395388, 34322.21815588749, 34500.87377352098, 34534.44801656082, 34702.72752719152, 34711.18760861357, 34723.272004712024, 34773.87688933366, 34916.2673042258, 34930.944798799734, 35018.56767846957, 35034.35473214953, 35053.22610740417, 35162.2463536645, 35476.39001582672, 35508.185736084, 35615.09460194544, 35624.62353393128, 35674.71724640306, 35760.1034287, 35814.63662392398, 35864.77218494235, 35920.88118660319, 35935.395505046996, 35945.60152446933, 35976.967850540874, 35977.10635285625, 35991.4116775608, 36099.42028672286, 36166.48121988329, 36413.8691706679, 36508.55765323262, 36537.78284636372, 36678.57792799373, 36710.95173715725, 36753.29032280585, 36829.72110975987, 36856.3277681032, 36862.249111974816, 36890.16130510828, 36973.19754935932, 37000.22117542394, 37109.64168472185, 37115.512357334555, 37118.21954382141, 37119.92068052285, 37166.196492512754, 37202.240203382826, 37244.633260071925, 37526.82464499417, 37528.836099525724, 37532.253340694464, 37548.33955012975, 37552.22822913836, 37582.77311201701, 37701.5367227638, 37745.228832600995, 37778.64796156125, 37807.12397274424, 37846.86254517073, 37899.863156186184, 37923.29522467608, 37954.31124854903, 37965.6031380011, 37966.7844489069, 37971.179086622324, 38096.83830318841, 38149.28467821001, 38166.45935616367, 38265.14289155957, 38271.165509749226, 38313.33133386118, 38354.93087041758, 38373.025486488805, 38417.97413586, 38434.88835388051, 38457.828438719975, 38489.64648242545, 38508.26955232925
10, 7516.6996790923795, 25447.23529746748, 28147.020341416886, 29415.30574317511, 29779.725345314982, 30021.27672156371, 30568.613079903887, 30619.561204764537, 30787.001102138758, 30978.34595165725, 31514.1652047416, 31733.999706363127, 31738.23216380662, 31743.29234831224, 31754.861530429862, 32007.89344142203, 32308.08208630486, 32494.69432230052, 32573.585764756648, 32749.663623654673, 33033.76258653439, 33067.84176067424, 33179.82409360082, 33262.364544661774, 33630.56670369699, 33688.35108372131, 33950.195717626884, 33953.021881529516, 33987.510100951986, 34086.7363949558, 34105.076800191666, 34130.12875693098, 34179.748687494735, 34188.567032133484, 34246.87186433211, 34300.49167132705, 34412.11975397014, 34570.95714124932, 34631.54842695239, 34651.490862328385, 34666.66918257807, 34822.04152771909, 34854.78511802354, 34906.93822965885, 35030.91370781232, 35034.99656081518, 35092.08079188802, 35143.887086341456, 35185.023251916726, 35209.81374235433, 35279.90115293219, 35294.20199641922, 35365.60482927753, 35470.70287093768, 35502.64600488987, 35519.74708307208, 35532.34584872148, 35601.63312006891, 35632.741706253124, 35642.28551700191, 35646.50576458359, 35658.64653075689, 35696.45637451505, 35826.298718687656, 35868.13865482767, 35886.14695107489, 35891.92516635379, 36021.83310122549, 36027.035753655306, 36031.80366250736, 36069.89782292247, 36074.56936971952, 36082.06094459605, 36090.939604261715, 36172.80548693761, 36176.30382567535, 36228.623327223664, 36236.38040950084, 36246.585349834706, 36407.32700262001, 36414.94718526127, 36446.38250716437, 36454.25852040936, 36462.362883615555, 36509.61420316722, 36632.56232165682, 36673.47574906417, 36709.16961743525, 36728.371496049076, 36754.202285829364, 36754.59437367672, 36777.929684810064, 36910.42382414468, 36931.05044709842, 37001.23128443433, 37011.94508598236, 37032.983295396254, 37060.92709411523, 37105.43156775194, 37125.59867090313
11, 14868.493771909774, 30207.609193383767, 30945.440721286628, 31225.627890143875, 31273.94121837889, 31986.67731431707, 32009.964895799407, 32113.894759048264, 32850.05900950334, 32895.4470829407, 32952.04080868627, 32975.45696220113, 33040.70961385166, 33122.03602464203, 33264.48857799232, 33317.624869228806, 33395.36568051399, 33522.454790820855, 33573.22160206384, 33660.60491524854, 33704.775468773034, 33723.10404398818, 33736.37995448497, 33807.78155271048, 33857.6971824331, 33953.25885168772, 33968.41861285452, 33973.830062852794, 34134.43262034297, 34141.82864438322, 34192.31666331975, 34366.06103634687, 34397.14960036863, 34448.26264867165, 34603.968899815765, 34607.52484490796, 34631.362119922596, 34699.70984546541, 34778.02302187742, 34778.49428021935, 34935.53613570674, 35043.909126381135, 35185.25695424315, 35193.61291862768, 35195.178115077106, 35259.710590506824, 35276.53135606483, 35279.455453238166, 35294.146042649976, 35299.87730762201, 35358.70320844554, 35362.22933901637, 35380.804608949016, 35405.763484927214, 35429.05324700426, 35484.510801481185, 35531.83049106156, 35618.08359244785, 35637.77750416635, 35699.92016874336, 35757.45505796148, 35777.1685492466, 35792.274593826434, 35858.66502715577, 35887.86785330484, 35905.4065689565, 35911.17613799013, 35923.61219242632, 36032.74883410695, 36039.0584011047, 36160.16503265354, 36173.15275456924, 36201.141054937165, 36211.041907460974, 36236.414867936925, 36244.89385136717, 36271.76209530928, 36275.62648367494, 36283.40470700741, 36326.478517010204, 36343.56391576684, 36350.34586433059, 36351.749197156925, 36366.62735213322, 36378.980682668276, 36409.99394960411, 36422.765499728375, 36423.961614726715, 36454.002638793565, 36462.394668145076, 36668.69110996178, 36673.307566955446, 36770.35138391524, 36772.172187940596, 36869.42497113613, 36988.0003005215, 37021.82841489798, 37032.342970746715, 37044.45803419158, 37076.34852344406
12, 7.7851602445441435, 11108.885977747483, 30259.717046759313, 30696.94485177706, 30702.120265510308, 31046.166214840836, 31456.608234001098, 31576.337335826825, 31764.047062652902, 31891.938840114297, 32651.141419732736, 32712.62714111698, 33142.8021103226, 33176.68116780093, 33516.38859259619, 33586.43419791121, 33616.21838348198, 33660.48749844205, 33746.935385101424, 33790.54392908438, 33839.990861063896, 33841.78959025578, 33907.52797497444, 34202.446312267486, 34216.04705587732, 34322.43039452152, 34365.5681430477, 34478.759982668846, 34588.16443333639, 34623.93954628392, 34638.70795686955, 34646.41741938634, 34703.19861472401, 34841.102923055674, 34894.863522120875, 34945.610176048125, 34959.40380400219, 34978.386960735974, 34983.68460459447, 35012.5792368873, 35042.84894460366, 35058.25552669977, 35085.05558217928, 35195.57745701056, 35378.311043914386, 35391.2617797113, 35467.33491097137, 35497.48296780951, 35554.15637120945, 35592.520353964115, 35811.12904919481, 35856.55001834809, 35885.19823250732, 35923.391987723575, 35963.170999890295, 36036.475378023795, 36048.52805767247, 36148.2771845966, 36202.34679335037, 36217.00258395443, 36281.113543211686, 36366.784080779726, 36388.236273056806, 36423.36014408122, 36431.85917862106, 36451.22633717239, 36517.55784793122, 36540.732040391966, 36544.64766586808, 36564.064545054265, 36592.73618279841, 36602.667815049615, 36625.651100144365, 36626.93732164842, 36646.17957105005, 36687.100690722335, 36798.00804382271, 36848.55968878132, 36877.050112229364, 36891.7620409209, 36943.664897116316, 37005.93972404406, 37053.265221540925, 37061.8289125308, 37063.41323447162, 37121.998172259904, 37124.13061461164, 37127.63714502206, 37136.579574045645, 37138.7599612395, 37152.65576357824, 37166.20274247033, 37166.37704684052, 37224.867605044914, 37247.194134861595, 37257.66036054099, 37289.409198120564, 37290.92922691381, 37429.04633014663, 37434.544387744776
13, 7.7851602445441435, 9883.784791181031, 12828.882249752887, 19405.41246808617, 26666.58979348364, 27599.899437480017, 29974.326613690606, 30274.93045434806, 30718.776916087787, 30931.95205747365, 31216.811538794795, 31424.68005251043, 31777.861802931162, 31806.980223984738, 31957.383985917353, 31970.072695874725, 32091.103012395703, 32521.947756603116, 32658.262615319847, 32763.059547524994, 33118.35995402948, 33206.33360594229, 33302.81560515642, 33314.192617753484, 33348.93494263639, 33480.09774750723, 33487.39668985442, 33487.88883350845, 33612.21218041317, 33646.33291522968, 33717.23102576427, 33742.92848336734, 33748.776976201174, 33793.18513845165, 33832.535423258196, 33854.74448190667, 33879.77598940801, 33905.080448313594, 33911.005962721305, 33938.241166958425, 33984.28314693876, 34010.37838081585, 34028.43954595985, 34235.03377356936, 34466.034911715265, 34509.99502290703, 34542.17057043964, 34598.996840604654, 34629.28374405322, 34637.21916058842, 34691.811859199464, 34702.33087519387, 34872.0104395525, 34893.37307828184, 34893.79866220589, 34912.34397035233, 34959.49895905761, 34959.95019379285, 34984.59767428555, 34997.27777432956, 35010.45781584238, 35021.49633217942, 35069.184912552584, 35077.83517892943, 35127.41594311215, 35151.860257588, 35171.49553147597, 35254.48815873093, 35272.27083147492, 35278.9367856883, 35289.58549384122, 35351.369342337224, 35455.04306844735, 35497.719509702496, 35521.582860102, 35579.204910743596, 35640.879974609314, 35745.95704826887, 35790.53522638697, 35815.92256797054, 35881.3662728784, 35920.79578674575, 35938.68377957239, 36064.73816769742, 36117.43906050596, 36141.279846495054, 36209.04707749974, 36344.45353407349, 36364.473272141964, 36381.76320042562, 36431.55181598955, 36457.9545914445, 36470.81636749701, 36507.283805700914, 36507.73756279131, 36554.67801412278, 36594.66539331197, 36734.85023846656, 36736.11993606368, 36824.42803847637
14, 7.7851602445441435, 1316.0, 10888.683727552534, 20503.329508256298, 21212.29030917728, 22046.618446423498, 22979.623853269397, 23858.270984763793, 29165.29366045794, 29291.83438719888, 30070.96909693074, 30837.5783634735, 31613.624331295847, 32018.940874761334, 32146.163987367214, 32343.19575724834, 32376.215007224313, 32929.79549926627, 33310.88560155606, 33490.83415681707, 33667.23930854836, 33729.1091092073, 33742.81929390039, 33782.56184639047, 33812.008185981795, 33830.799275697624, 33901.54704206523, 33991.069771715884, 34089.36976206318, 34104.33929888824, 34118.17685553694, 34147.28552612322, 34240.503298946845, 34372.37344766589, 34513.450673226376, 34646.587077757955, 34653.20677370841, 34732.445901255785, 34762.601438608144, 34834.41800926192, 34875.6095347217, 34957.43402626977, 34979.90037274366, 35093.093447856714, 35121.15875675769, 35154.329471902674, 35161.812327338936, 35167.35064802438, 35168.556231214534, 35196.902555598106, 35269.10347929534, 35273.30977352268, 35302.30580115999, 35304.219327424325, 35338.416238614234, 35352.14979579317, 35358.56588932931, 35429.84496889882, 35463.68093048471, 35514.30851927892, 35550.51970783526, 35553.04826619025, 35626.79208565195, 35630.078397231875, 35633.74579119671, 35643.538432561254, 35752.47898657174, 35789.336254407775, 35799.212136467075, 35850.21407355506, 35855.20530349371, 35884.36148454133, 35896.55420405199, 35902.80919251938, 35934.08215028429, 36054.09740352814, 36069.13595788771, 36098.930028915485, 36194.90461608799, 36216.31153317379, 36248.058790850184, 36267.003308931555, 36319.81730251673, 36378.421546300524, 36439.13570454722, 36476.14533770249, 36555.78416638347, 36618.26691251153, 36656.262405342, 36690.8699110855, 36715.36780854137, 36737.7675787588, 36807.484478447645, 36842.01250345829, 36843.26024838113, 36888.7058990976, 36908.95929637949, 36958.19626290334, 36971.22658822298, 36980.16640023283
15, 7.7851602445441435, 7.7851602445441435, 7.7851602445441435, 7.7851602445441435, 402.17909446338706, 1196.126712461165, 1250.0, 1272.0, 1272.0, 1800.0, 6411.448218149004, 7609.6861303381465, 8519.08465367881, 10015.870963632937, 15971.25670499407, 17095.0842284815, 18210.31018493004, 18438.208146057303, 18993.02777018694, 19852.40611947556, 20198.533965472892, 26636.438755412182, 27755.122112587207, 28000.50029513728, 28003.77423443863, 29447.2255004251, 29958.050147664377, 30155.547270000796, 30476.29020542735, 30856.171081834425, 31191.72490163619, 32266.361466410195, 32294.27048021534, 32423.104666122414, 32423.174389635726, 32516.749084430416, 32685.670521033848, 32975.80280307505, 33002.83170560604, 33160.53046758062, 33246.29732718026, 33272.43027120173, 33400.983013364676, 33419.82611673705, 33426.62017606675, 33520.05203727065, 33565.043971212166, 33588.093183044635, 33622.514459644604, 33862.327173648126, 33930.2155494444, 34035.56898725897, 34091.3959493842, 34123.97474847931, 34158.85684196437, 34230.961205166685, 34261.43002054762, 34265.740331123125, 34274.955042940084, 34313.015704437545, 34349.435374147564, 34358.038193534434, 34403.47566399065, 34454.81029685907, 34529.555274907594, 34758.49600909882, 34783.07069715995, 34944.32494145519, 34956.502071625546, 35022.06367914075, 35041.81146253746, 35044.09061157716, 35064.49504598898, 35175.87993396061, 35188.52466501731, 35212.52411250031, 35225.295082648474, 35248.38275504818, 35266.91414567591, 35277.24198788866, 35280.05935962976, 35284.59886276844, 35304.57513868661, 35321.66046090845, 35357.26174939892, 35459.54061402039, 35508.76881423737, 35575.441963863595, 35630.84550765408, 35633.28795062916, 35657.61815644673, 35685.9449169124, 35687.18620254868, 35805.34883898011, 35818.814598733574, 35846.846404528595, 35977.080898038876, 36013.55159238602, 36025.70902724713, 36066.83613078329
16, 7.7851602445441435, 7.7851602445441435, 7.7851602445441435, 7.7851602445441435, 7.7851602445441435, 7.7851602445441435, 7.7851602445441435, 7.7851602445441435, 23.097887888179557, 59.89719047856745, 121.57960802985038, 204.20392906612906, 310.23618000089886, 760.0780205443556, 926.3634503504294, 1136.7896877880767, 1250.0, 1250.0, 1261.0, 1261.0, 1272.0, 1637.4362513459641, 1665.4202398637035, 1712.043279641935, 1800.0, 1800.0, 1800.0, 1800.0, 1800.0, 1800.0, 1867.0285404033066, 2655.8814627566535, 3947.313104885015, 6095.07041057031, 6097.61213253699, 6411.448218149004, 7574.362125661323, 7971.085433821297, 8672.506256369523, 9249.892017214725, 9388.465432748993, 9861.64171721115, 10229.383499713314, 10597.422970392086, 12283.531565052761, 12648.030892703098, 12728.74919668418, 15101.08861668876, 15158.771188028117, 15552.894918822449, 15787.984737836063, 15882.41270960158, 16676.85837942918, 16843.83537779593, 17206.409793212682, 17355.378970736656, 17610.4052970904, 18390.03687500683, 18721.58315015702, 19362.375010073833, 20088.0174049458, 21828.10395758071, 22378.520273666243, 22952.092322929777, 23517.21333025217, 23787.47950883852, 24162.818207327582, 24232.733885723443, 24829.35638967901, 24881.121948275697, 25353.585209484656, 26335.720377486316, 26944.95840689294, 27037.795992131712, 27829.494205296607, 28054.729537925374, 28562.42882888285, 28673.925673690457, 28978.679703150872, 29189.565844216228, 29441.544342628462, 29717.069970869125, 29754.1260296519, 29942.07721818371, 29978.19626083734, 30423.288064597575, 30718.76513513279, 30987.82593978568, 31161.291430460864, 31237.91819156267, 31376.389919935194, 31573.147840723013, 31592.804186899215, 31730.161544826642, 31950.870287004138, 31965.083021880062, 32083.817496824387, 32529.78127442797, 32632.823811070037, 32635.070987158975
17, 7.7851602445441435, 7.7851602445441435, 7.7851602445441435, 7.7851602445441435, 7.7851602445441435, 7.7851602445441435, 7.7851602445441435, 7.7851602445441435, 7.7851602445441435, 7.7851602445441435, 7.7851602445441435, 7.7851602445441435, 7.7851602445441435, 7.7851602445441435, 7.7851602445441435, 7.7851602445441435, 7.7851602445441435, 7.964821915036116, 8.037906128000383, 14.13215658955487, 23.097887888179546, 23.097887888179564, 23.09788788817957, 52.960483939221604, 59.897190478567445, 68.07447868891019, 77.7505037900223, 83.62497554165775, 163.48478533335754, 169.71136987210465, 366.2281281956352, 581.2939089662898, 624.7718309634221, 756.9773088581081, 772.5233719218638, 841.7825315652764, 876.5095910798417, 942.5231944279424, 997.1150902283583, 1085.0500859198785, 1106.7430390648617, 1151.6982581375487, 1250.0, 1250.0, 1250.0, 1250.0, 1250.0, 1250.0, 1250.0, 1250.0, 1250.0, 1250.0, 1250.0, 1261.0, 1305.0, 1366.9973906487141, 1636.5837013627743, 1637.4362513459641, 1800.0, 1800.0, 1800.0, 1800.0, 1800.0, 1800.0, 1800.0, 1800.0, 1800.0, 1800.0, 1800.0, 1800.0, 1800.0, 1800.0, 1800.0, 1800.0, 1800.0, 1800.0, 1800.0, 1800.0, 1800.0, 1800.0, 1800.0, 1800.0, 1800.0, 1800.0, 1800.0, 1800.0, 1816.6599581272974, 1991.120952926909, 2015.828050291158, 2057.7489567054035, 2427.515374079116, 2507.4239163525936, 2532.137099224011, 2583.5950022641955, 2679.769335634069, 2701.652515173167, 2776.0937793904504, 2814.0809644638357, 2862.258789907659, 2884.3142439181074
18, 4.014989232609456, 7.7851602445441435, 7.7851602445441435, 7.7851602445441435, 7.7851602445441435, 7.7851602445441435, 7.7851602445441435, 7.7851602445441435, 7.7851602445441435, 7.7851602445441435, 7.7851602445441435, 7.7851602445441435, 7.7851602445441435, 7.7851602445441435, 7.7851602445441435, 7.7851602445441435, 7.7851602445441435, 7.7851602445441435, 7.7851602445441435, 7.7851602445441435, 7.7851602445441435, 7.7851602445441435, 7.7851602445441435, 7.7851602445441435, 7.7851602445441435, 7.7851602445441435, 7.7851602445441435, 7.7851602445441435, 7.7851602445441435, 7.7851602445441435, 7.7851602445441435, 7.7851602445441435, 7.7851602445441435, 7.7851602445441435, 7.7851602445441435, 7.7851602445441435, 7.7851602445441435, 7.7851602445441435, 14.290994097730257, 23.097887888179553, 23.097887888179557, 23.097887888179557, 23.097887888179564, 23.09788788817957, 23.09788788817957, 25.033617813034407, 59.89719047856745, 68.07447868891015, 68.07447868891016, 68.07447868891018, 68.07447868891019, 68.07447868891019, 68.0744786889102, 78.33698936987109, 83.62497554165778, 151.16234742498062, 163.48478533335748, 163.48478533335754, 220.07723400763902, 285.2120458631964, 294.5395346054168, 315.74406842181185, 330.3838314005259, 330.383831400526, 330.383831400526, 339.4358314083791, 351.85045595355064, 437.52950639341657, 437.91672178585327, 449.09809337735015, 459.5632962630537, 524.4139679738365, 581.2939089662896, 657.2483983966627, 688.8267993516171, 753.1140640978174, 781.7113657150785, 785.0, 785.3605669066815, 827.1716801129652, 852.4912512782539, 871.421983544465, 882.1360116749254, 903.8925801222717, 903.8925801222717, 949.0120883733455, 1011.4254705075991, 1025.7592688094676, 1045.9920582766783, 1049.4269254000656, 1136.53694190462, 1177.0210195096286, 1250.0, 1250.0, 1250.0, 1250.0, 1250.0, 1250.0, 1250.0, 1250.0
19, 7.630162001176076, 7.7851602445441435, 7.7851602445441435, 7.7851602445441435, 7.7851602445441435, 7.7851602445441435, 7.7851602445441435, 7.7851602445441435, 7.7851602445441435, 7.7851602445441435, 7.7851602445441435, 7.7851602445441435, 7.7851602445441435, 7.7851602445441435, 7.7851602445441435, 7.7851602445441435, 7.7851602445441435, 7.7851602445441435, 7.7851602445441435, 7.7851602445441435, 7.7851602445441435, 7.7851602445441435, 7.7851602445441435, 7.7851602445441435, 7.7851602445441435, 7.7851602445441435, 7.7851602445441435, 7.7851602445441435, 7.7851602445441435, 7.7851602445441435, 7.7851602445441435, 7.7851602445441435, 7.7851602445441435, 7.7851602445441435, 7.7851602445441435, 7.7851602445441435, 7.7851602445441435, 7.7851602445441435, 7.7851602445441435, 7.7851602445441435, 7.7851602445441435, 7.7851602445441435, 7.7851602445441435, 7.7851602445441435, 7.7851602445441435, 7.7851602445441435, 7.7851602445441435, 7.7851602445441435, 7.7851602445441435, 7.7851602445441435, 7.7851602445441435, 7.7851602445441435, 7.7851602445441435, 7.7851602445441435, 7.7851602445441435, 7.7851602445441435, 7.7851602445441435, 7.7851602445441435, 7.7851602445441435, 7.7851602445441435, 7.7851602445441435, 7.7851602445441435, 7.7851602445441435, 7.7851602445441435, 7.7851602445441435, 7.7851602445441435, 7.7851602445441435, 7.7851602445441435, 7.7851602445441435, 7.7851602445441435, 7.7851602445441435, 7.7851602445441435, 7.7851602445441435, 7.7851602445441435, 7.7851602445441435, 7.7851602445441435, 7.7851602445441435, 7.7851602445441435, 7.7851602445441435, 7.7851602445441435, 8.372717733524865, 15.918936949145703, 23.097887888179542, 23.097887888179546, 23.09788788817955, 23.097887888179553, 23.097887888179553, 23.097887888179557, 23.097887888179557, 23.097887888179557, 23.097887888179557, 23.09788788817956, 23.09788788817956, 23.097887888179567, 23.09788788817957, 25.033617813034407, 40.600371317351176, 40.875105508931874, 59.897190478567445, 59.897190478567445
20, 4.014989232609451, 4.014989232609459, 4.014989232609463, 7.7851602445441435, 7.7851602445441435, 7.7851602445441435, 7.7851602445441435, 7.7851602445441435, 7.7851602445441435, 7.7851602445441435, 7.7851602445441435, 7.7851602445441435, 7.7851602445441435, 7.7851602445441435, 7.7851602445441435, 7.7851602445441435, 7.7851602445441435, 7.7851602445441435, 7.7851602445441435, 7.7851602445441435, 7.7851602445441435, 7.7851602445441435, 7.7851602445441435, 7.7851602445441435, 7.7851602445441435, 7.7851602445441435, 7.7851602445441435, 7.7851602445441435, 7.7851602445441435, 7.7851602445441435, 7.7851602445441435, 7.7851602445441435, 7.7851602445441435, 7.7851602445441435, 7.7851602445441435, 7.7851602445441435, 7.7851602445441435, 7.7851602445441435, 7.7851602445441435, 7.7851602445441435, 7.7851602445441435, 7.7851602445441435, 7.7851602445441435, 7.7851602445441435, 7.7851602445441435, 7.7851602445441435, 7.7851602445441435, 7.7851602445441435, 7.7851602445441435, 7.7851602445441435, 7.7851602445441435, 7.7851602445441435, 7.7851602445441435, 7.7851602445441435, 7.7851602445441435, 7.7851602445441435, 7.7851602445441435, 7.7851602445441435, 7.7851602445441435, 7.7851602445441435, 7.7851602445441435, 7.7851602445441435, 7.7851602445441435, 7.7851602445441435, 7.7851602445441435, 7.7851602445441435, 7.7851602445441435, 7.7851602445441435, 7.7851602445441435, 7.7851602445441435, 7.7851602445441435, 7.7851602445441435, 7.7851602445441435, 7.7851602445441435, 7.7851602445441435, 7.7851602445441435, 7.7851602445441435, 7.7851602445441435, 7.7851602445441435, 7.7851602445441435, 7.7851602445441435, 7.7851602445441435, 7.7851602445441435, 7.7851602445441435, 7.7851602445441435, 7.7851602445441435, 7.7851602445441435, 7.7851602445441435, 7.7851602445441435, 7.7851602445441435, 7.7851602445441435, 7.7851602445441435, 7.7851602445441435, 7.7851602445441435, 7.7851602445441435, 7.7851602445441435, 7.7851602445441435, 7.7851602445441435, 7.7851602445441435, 7.7851602445441435
21, 4.014989232609445, 4.014989232609446, 4.014989232609456, 4.014989232609459, 4.014989232609459, 4.014989232609459, 4.014989232609461, 5.630410192359947, 7.768200242915297, 7.7851602445441435, 7.7851602445441435, 7.7851602445441435, 7.7851602445441435, 7.7851602445441435, 7.7851602445441435, 7.7851602445441435, 7.7851602445441435, 7.7851602445441435, 7.7851602445441435, 7.7851602445441435, 7.7851602445441435, 7.7851602445441435, 7.7851602445441435, 7.7851602445441435, 7.7851602445441435, 7.7851602445441435, 7.7851602445441435, 7.7851602445441435, 7.7851602445441435, 7.7851602445441435, 7.7851602445441435, 7.7851602445441435, 7.7851602445441435, 7.7851602445441435, 7.7851602445441435, 7.7851602445441435, 7.7851602445441435, 7.7851602445441435, 7.7851602445441435, 7.7851602445441435, 7.7851602445441435, 7.7851602445441435, 7.7851602445441435, 7.7851602445441435, 7.7851602445441435, 7.7851602445441435, 7.7851602445441435, 7.7851602445441435, 7.7851602445441435, 7.7851602445441435, 7.7851602445441435, 7.7851602445441435, 7.7851602445441435, 7.7851602445441435, 7.7851602445441435, 7.7851602445441435, 7.7851602445441435, 7.7851602445441435, 7.7851602445441435, 7.7851602445441435, 7.7851602445441435, 7.7851602445441435, 7.7851602445441435, 7.7851602445441435, 7.7851602445441435, 7.7851602445441435, 7.7851602445441435, 7.7851602445441435, 7.7851602445441435, 7.7851602445441435, 7.7851602445441435, 7.7851602445441435, 7.7851602445441435, 7.7851602445441435, 7.7851602445441435, 7.7851602445441435, 7.7851602445441435, 7.7851602445441435, 7.7851602445441435, 7.7851602445441435, 7.7851602445441435, 7.7851602445441435, 7.7851602445441435, 7.7851602445441435, 7.7851602445441435, 7.7851602445441435, 7.7851602445441435, 7.7851602445441435, 7.7851602445441435, 7.7851602445441435, 7.7851602445441435, 7.7851602445441435, 7.7851602445441435, 7.7851602445441435, 7.7851602445441435, 7.7851602445441435, 7.7851602445441435, 7.7851602445441435, 7.7851602445441435, 7.7851602445441435
22, 0.40506921921498573, 0.6873909956421632, 1.3554579941774236, 4.014989232609445, 4.014989232609447, 4.014989232609447, 4.01498923260945, 4.01498923260945, 4.01498923260945, 4.014989232609452, 4.0149892326094525, 4.014989232609454, 4.014989232609456, 4.014989232609457, 4.014989232609457, 4.014989232609458, 4.014989232609458, 4.014989232609459, 4.0149892326094605, 5.630410192359947, 5.630410192359949, 5.630410192359949, 5.630410192359949, 5.63041019235995, 5.63041019235995, 5.6304101923599505, 5.6304101923599505, 5.9235224468716146, 7.768200242915293, 7.768200242915294, 7.768200242915297, 7.768200242915302, 7.7851602445441435, 7.7851602445441435, 7.7851602445441435, 7.7851602445441435, 7.7851602445441435, 7.7851602445441435, 7.7851602445441435, 7.7851602445441435, 7.7851602445441435, 7.7851602445441435, 7.7851602445441435, 7.7851602445441435, 7.7851602445441435, 7.7851602445441435, 7.7851602445441435, 7.7851602445441435, 7.7851602445441435, 7.7851602445441435, 7.7851602445441435, 7.7851602445441435, 7.7851602445441435, 7.7851602445441435, 7.7851602445441435, 7.7851602445441435, 7.7851602445441435, 7.7851602445441435, 7.7851602445441435, 7.7851602445441435, 7.7851602445441435, 7.7851602445441435, 7.7851602445441435, 7.7851602445441435, 7.7851602445441435, 7.7851602445441435, 7.7851602445441435, 7.7851602445441435, 7.7851602445441435, 7.7851602445441435, 7.7851602445441435, 7.7851602445441435, 7.7851602445441435, 7.7851602445441435, 7.7851602445441435, 7.7851602445441435, 7.7851602445441435, 7.7851602445441435, 7.7851602445441435, 7.7851602445441435, 7.7851602445441435, 7.7851602445441435, 7.7851602445441435, 7.7851602445441435, 7.7851602445441435, 7.7851602445441435, 7.7851602445441435, 7.7851602445441435, 7.7851602445441435, 7.7851602445441435, 7.7851602445441435, 7.7851602445441435, 7.7851602445441435, 7.7851602445441435, 7.7851602445441435, 7.7851602445441435, 7.7851602445441435, 7.7851602445441435, 7.7851602445441435, 7.7851602445441435
23, 0.4050692192149857, 0.6873909956421642, 0.6873909956421674, 4.014989232609437, 4.01498923260944, 4.014989232609444, 4.014989232609445, 4.014989232609445, 4.014989232609448, 4.014989232609448, 4.014989232609448, 4.01498923260945, 4.01498923260945, 4.01498923260945, 4.014989232609452, 4.0149892326094525, 4.0149892326094525, 4.0149892326094525, 4.014989232609453, 4.014989232609454, 4.014989232609454, 4.014989232609454, 4.014989232609455, 4.014989232609455, 4.014989232609456, 4.014989232609457, 4.014989232609457, 4.014989232609457, 4.014989232609457, 4.014989232609457, 4.014989232609458, 4.014989232609459, 4.014989232609459, 4.0149892326094605, 4.0149892326094605, 4.014989232609461, 4.014989232609461, 4.014989232609465, 4.103002637393678, 5.630410192359947, 5.630410192359947, 5.630410192359947, 5.630410192359947, 5.630410192359947, 5.630410192359948, 5.630410192359948, 5.630410192359949, 5.630410192359949, 5.630410192359949, 5.630410192359949, 5.630410192359949, 5.630410192359949, 5.630410192359949, 5.630410192359949, 5.630410192359949, 5.630410192359949, 5.63041019235995, 5.63041019235995, 5.63041019235995, 5.63041019235995, 5.6304101923599505, 5.630410192359951, 7.7682002429152694, 7.768200242915272, 7.76820024291528, 7.768200242915283, 7.768200242915284, 7.7682002429152925, 7.768200242915298, 7.7682002429153, 7.7851602445441435, 7.7851602445441435, 7.7851602445441435, 7.7851602445441435, 7.7851602445441435, 7.7851602445441435, 7.7851602445441435, 7.7851602445441435, 7.7851602445441435, 7.7851602445441435, 7.7851602445441435, 7.7851602445441435, 7.7851602445441435, 7.7851602445441435, 7.7851602445441435, 7.7851602445441435, 7.7851602445441435, 7.7851602445441435, 7.7851602445441435, 7.7851602445441435, 7.7851602445441435, 7.7851602445441435, 7.7851602445441435, 7.7851602445441435, 7.7851602445441435, 7.7851602445441435, 7.7851602445441435, 7.7851602445441435, 7.7851602445441435, 7.7851602445441435
24, 0.405069219214985, 0.40506921921498534, 0.40506921921498606, 0.40506921921498656, 0.4050692192149867, 0.6873909956421617, 0.6873909956421622, 0.6873909956421633, 0.6873909956421639, 0.6873909956421659, 1.317090979750698, 1.6752896580989065, 1.9146341150557686, 4.014989232609439, 4.014989232609444, 4.014989232609444, 4.014989232609444, 4.014989232609444, 4.014989232609446, 4.014989232609446, 4.014989232609446, 4.014989232609447, 4.014989232609447, 4.014989232609448, 4.014989232609448, 4.014989232609448, 4.014989232609448, 4.014989232609448, 4.014989232609448, 4.014989232609448, 4.014989232609449, 4.01498923260945, 4.01498923260945, 4.01498923260945, 4.01498923260945, 4.01498923260945, 4.01498923260945, 4.01498923260945, 4.01498923260945, 4.01498923260945, 4.01498923260945, 4.014989232609451, 4.014989232609452, 4.014989232609452, 4.014989232609452, 4.014989232609452, 4.014989232609452, 4.014989232609452, 4.014989232609452, 4.014989232609452, 4.014989232609452, 4.0149892326094525, 4.0149892326094525, 4.0149892326094525, 4.0149892326094525, 4.0149892326094525, 4.0149892326094525, 4.014989232609453, 4.014989232609453, 4.014989232609453, 4.014989232609453, 4.014989232609454, 4.014989232609454, 4.014989232609454, 4.014989232609454, 4.014989232609454, 4.014989232609454, 4.014989232609454, 4.014989232609454, 4.014989232609454, 4.014989232609454, 4.014989232609455, 4.014989232609455, 4.014989232609456, 4.014989232609456, 4.014989232609456, 4.014989232609456, 4.014989232609456, 4.014989232609456, 4.014989232609456, 4.014989232609457, 4.014989232609457, 4.014989232609458, 4.014989232609459, 4.014989232609459, 4.014989232609459, 4.014989232609459, 4.014989232609459, 4.014989232609459, 4.0149892326094605, 4.0149892326094605, 4.0149892326094605, 4.0149892326094605, 4.0149892326094605, 4.0149892326094605, 4.0149892326094605, 4.014989232609461, 4.014989232609462, 4.014989232609466, 4.014989232609468
25, 0.34301385071421386, 0.40506921921498246, 0.40506921921498495, 0.405069219214985, 0.40506921921498507, 0.4050692192149854, 0.40506921921498606, 0.40506921921498634, 0.4050692192149864, 0.4050692192149864, 0.40506921921498673, 0.4050692192149877, 0.6873909956421608, 0.6873909956421616, 0.6873909956421616, 0.6873909956421622, 0.6873909956421623, 0.6873909956421624, 0.6873909956421626, 0.6873909956421649, 0.6873909956421664, 0.687390995642169, 1.317090979750698, 1.317090979750698, 1.317090979750698, 1.6752896580989063, 1.6752896580989074, 1.9146341150557653, 1.9146341150557686, 1.9146341150557704, 3.6038109047222453, 4.0149892326094365, 4.014989232609441, 4.014989232609443, 4.014989232609443, 4.014989232609444, 4.014989232609444, 4.014989232609444, 4.014989232609444, 4.014989232609444, 4.014989232609444, 4.014989232609444, 4.014989232609444, 4.0149892326094445, 4.0149892326094445, 4.0149892326094445, 4.0149892326094445, 4.014989232609445, 4.014989232609445, 4.014989232609445, 4.014989232609445, 4.014989232609445, 4.014989232609445, 4.014989232609445, 4.014989232609445, 4.014989232609445, 4.014989232609445, 4.014989232609446, 4.014989232609446, 4.014989232609446, 4.014989232609446, 4.014989232609446, 4.014989232609446, 4.014989232609446, 4.014989232609447, 4.014989232609447, 4.014989232609447, 4.014989232609447, 4.014989232609447, 4.014989232609447, 4.014989232609447, 4.014989232609447, 4.014989232609448, 4.014989232609448, 4.014989232609448, 4.014989232609448, 4.014989232609448, 4.014989232609448, 4.014989232609448, 4.014989232609448, 4.014989232609448, 4.014989232609448, 4.014989232609448, 4.014989232609448, 4.014989232609448, 4.014989232609448, 4.014989232609448, 4.014989232609448, 4.014989232609448, 4.014989232609448, 4.014989232609449, 4.014989232609449, 4.01498923260945, 4.01498923260945, 4.01498923260945, 4.01498923260945, 4.01498923260945, 4.01498923260945, 4.01498923260945, 4.01498923260945
26, 0.3430138507142154, 0.4050692192149844, 0.4050692192149844, 0.40506921921498446, 0.4050692192149847, 0.40506921921498484, 0.405069219214985, 0.4050692192149851, 0.4050692192149853, 0.4050692192149853, 0.40506921921498534, 0.4050692192149854, 0.4050692192149854, 0.4050692192149854, 0.40506921921498573, 0.40506921921498573, 0.40506921921498573, 0.4050692192149858, 0.405069219214986, 0.40506921921498606, 0.40506921921498606, 0.4050692192149861, 0.4050692192149861, 0.40506921921498634, 0.4050692192149867, 0.4050692192149867, 0.40506921921498673, 0.40506921921498673, 0.40506921921498673, 0.405069219214987, 0.4050692192149873, 0.4050692192149877, 0.6873909956421581, 0.687390995642159, 0.6873909956421598, 0.68739099564216, 0.6873909956421607, 0.6873909956421608, 0.6873909956421617, 0.6873909956421617, 0.6873909956421631, 0.6873909956421632, 0.6873909956421633, 0.6873909956421633, 0.6873909956421634, 0.6873909956421638, 0.687390995642164, 0.687390995642164, 0.6873909956421641, 0.6873909956421642, 0.6873909956421651, 0.6873909956421657, 0.6873909956421658, 0.6873909956421658, 0.6873909956421665, 0.6873909956421665, 0.6873909956421683, 1.317090979750698, 1.317090979750698, 1.317090979750698, 1.317090979750698, 1.317090979750698, 1.317090979750698, 1.317090979750698, 1.5211588034146937, 1.6752896580989052, 1.675289658098906, 1.6752896580989063, 1.6752896580989065, 1.675289658098907, 1.6752896580989072, 1.6752896580989074, 1.675289658098908, 1.9146341150557658, 1.9146341150557664, 1.914634115055767, 1.9146341150557677, 1.91463411505577, 3.603810904722253, 3.603810904722253, 4.014989232609436, 4.0149892326094365, 4.014989232609439, 4.014989232609442, 4.014989232609444, 4.014989232609444, 4.014989232609444, 4.014989232609444, 4.014989232609444, 4.0149892326094445, 4.0149892326094445, 4.014989232609445, 4.014989232609445, 4.014989232609445, 4.014989232609445, 4.014989232609446, 4.014989232609446, 4.014989232609447, 4.014989232609447, 4.014989232609447
27, 0.343013850714214, 0.3430138507142147, 0.343013850714215, 0.3430138507142159, 0.3430138507142167, 0.343013850714218, 0.40506921921498373, 0.4050692192149841, 0.4050692192149841, 0.40506921921498434, 0.4050692192149844, 0.4050692192149844, 0.40506921921498446, 0.4050692192149847, 0.4050692192149847, 0.4050692192149848, 0.4050692192149848, 0.4050692192149848, 0.4050692192149848, 0.405069219214985, 0.40506921921498507, 0.40506921921498507, 0.40506921921498507, 0.40506921921498507, 0.40506921921498507, 0.40506921921498507, 0.4050692192149851, 0.40506921921498534, 0.40506921921498534, 0.40506921921498534, 0.4050692192149854, 0.4050692192149854, 0.40506921921498545, 0.40506921921498545, 0.4050692192149857, 0.4050692192149857, 0.4050692192149857, 0.4050692192149857, 0.4050692192149857, 0.4050692192149857, 0.4050692192149857, 0.4050692192149857, 0.4050692192149857, 0.40506921921498573, 0.40506921921498573, 0.40506921921498573, 0.4050692192149858, 0.4050692192149858, 0.4050692192149858, 0.40506921921498584, 0.40506921921498595, 0.405069219214986, 0.405069219214986, 0.405069219214986, 0.405069219214986, 0.405069219214986, 0.40506921921498606, 0.40506921921498606, 0.40506921921498606, 0.4050692192149861, 0.4050692192149861, 0.40506921921498623, 0.4050692192149863, 0.40506921921498634, 0.40506921921498634, 0.4050692192149864, 0.4050692192149867, 0.4050692192149867, 0.4050692192149867, 0.4050692192149867, 0.4050692192149867, 0.40506921921498673, 0.40506921921498673, 0.40506921921498695, 0.40506921921498695, 0.405069219214987, 0.405069219214987, 0.405069219214987, 0.40506921921498706, 0.40506921921498734, 0.40506921921498795, 0.405069219214988, 0.6873909956421572, 0.6873909956421574, 0.6873909956421581, 0.68739099564216, 0.68739099564216, 0.6873909956421606, 0.6873909956421606, 0.6873909956421607, 0.6873909956421608, 0.6873909956421614, 0.6873909956421614, 0.6873909956421614, 0.6873909956421616, 0.6873909956421616, 0.6873909956421616, 0.6873909956421616, 0.6873909956421616, 0.6873909956421616
28, 0.34301385071421314, 0.3430138507142137, 0.3430138507142147, 0.3430138507142153, 0.3430138507142155, 0.3430138507142155, 0.3430138507142155, 0.34301385071421586, 0.3430138507142159, 0.3430138507142162, 0.3430138507142162, 0.3430138507142163, 0.34301385071421636, 0.34301385071421653, 0.343013850714217, 0.34301385071421714, 0.3430138507142174, 0.3430138507142177, 0.34301385071421786, 0.4050692192149829, 0.40506921921498346, 0.40506921921498373, 0.40506921921498384, 0.40506921921498407, 0.40506921921498407, 0.40506921921498434, 0.40506921921498434, 0.4050692192149844, 0.4050692192149844, 0.40506921921498446, 0.40506921921498446, 0.40506921921498446, 0.40506921921498446, 0.40506921921498446, 0.40506921921498446, 0.40506921921498446, 0.4050692192149845, 0.4050692192149847, 0.40506921921498473, 0.40506921921498473, 0.40506921921498473, 0.40506921921498473, 0.40506921921498473, 0.4050692192149848, 0.4050692192149848, 0.4050692192149848, 0.4050692192149848, 0.4050692192149848, 0.4050692192149848, 0.40506921921498484, 0.405069219214985, 0.405069219214985, 0.405069219214985, 0.405069219214985, 0.40506921921498507, 0.40506921921498507, 0.40506921921498507, 0.40506921921498507, 0.40506921921498507, 0.40506921921498507, 0.40506921921498507, 0.40506921921498507, 0.40506921921498507, 0.4050692192149851, 0.4050692192149851, 0.4050692192149851, 0.4050692192149851, 0.4050692192149851, 0.4050692192149851, 0.4050692192149852, 0.4050692192149852, 0.4050692192149852, 0.4050692192149852, 0.4050692192149852, 0.40506921921498534, 0.40506921921498534, 0.40506921921498534, 0.40506921921498534, 0.40506921921498534, 0.40506921921498534, 0.40506921921498534, 0.40506921921498534, 0.4050692192149854, 0.4050692192149854, 0.4050692192149854, 0.4050692192149854, 0.4050692192149854, 0.4050692192149854, 0.4050692192149854, 0.4050692192149854, 0.4050692192149854, 0.4050692192149854, 0.4050692192149854, 0.4050692192149854, 0.4050692192149854, 0.4050692192149854, 0.4050692192149854, 0.4050692192149854, 0.40506921921498545, 0.40506921921498545
29, 0.34301385071421236, 0.3430138507142133, 0.3430138507142135, 0.3430138507142138, 0.3430138507142138, 0.3430138507142142, 0.3430138507142143, 0.3430138507142144, 0.3430138507142145, 0.3430138507142145, 0.3430138507142145, 0.3430138507142145, 0.3430138507142146, 0.3430138507142147, 0.34301385071421475, 0.34301385071421475, 0.3430138507142151, 0.3430138507142152, 0.3430138507142152, 0.3430138507142153, 0.3430138507142154, 0.3430138507142155, 0.3430138507142155, 0.3430138507142155, 0.3430138507142155, 0.34301385071421553, 0.34301385071421553, 0.3430138507142156, 0.34301385071421564, 0.34301385071421575, 0.3430138507142159, 0.343013850714216, 0.34301385071421603, 0.34301385071421603, 0.34301385071421614, 0.3430138507142162, 0.34301385071421625, 0.3430138507142163, 0.34301385071421636, 0.34301385071421636, 0.34301385071421636, 0.3430138507142164, 0.3430138507142165, 0.34301385071421653, 0.34301385071421653, 0.34301385071421664, 0.3430138507142167, 0.3430138507142167, 0.34301385071421686, 0.343013850714217, 0.343013850714217, 0.34301385071421703, 0.34301385071421736, 0.3430138507142179, 0.343013850714218, 0.40506921921498273, 0.4050692192149831, 0.40506921921498323, 0.4050692192149835, 0.40506921921498357, 0.4050692192149838, 0.40506921921498407, 0.40506921921498407, 0.40506921921498407, 0.40506921921498407, 0.40506921921498407, 0.4050692192149841, 0.4050692192149841, 0.4050692192149841, 0.4050692192149842, 0.40506921921498434, 0.4050692192149844, 0.4050692192149844, 0.4050692192149844, 0.4050692192149844, 0.40506921921498446, 0.40506921921498446, 0.40506921921498446, 0.40506921921498446, 0.4050692192149845, 0.4050692192149845, 0.4050692192149847, 0.40506921921498473, 0.40506921921498473, 0.40506921921498473, 0.40506921921498473, 0.40506921921498473, 0.40506921921498473, 0.40506921921498473, 0.40506921921498473, 0.4050692192149848, 0.4050692192149848, 0.4050692192149848, 0.4050692192149848, 0.40506921921498484, 0.40506921921498484, 0.405069219214985, 0.405069219214985, 0.40506921921498507, 0.40506921921498507
30, 0.34301385071421225, 0.34301385071421236, 0.34301385071421253, 0.3430138507142128, 0.3430138507142128, 0.343013850714213, 0.3430138507142131, 0.3430138507142131, 0.3430138507142131, 0.34301385071421314, 0.34301385071421336, 0.3430138507142134, 0.34301385071421353, 0.3430138507142136, 0.3430138507142136, 0.34301385071421364, 0.3430138507142137, 0.34301385071421386, 0.34301385071421386, 0.34301385071421386, 0.34301385071421386, 0.3430138507142139, 0.343013850714214, 0.343013850714214, 0.343013850714214, 0.3430138507142141, 0.3430138507142141, 0.34301385071421414, 0.34301385071421425, 0.3430138507142143, 0.3430138507142143, 0.3430138507142144, 0.3430138507142145, 0.3430138507142145, 0.3430138507142145, 0.3430138507142145, 0.3430138507142145, 0.34301385071421453, 0.34301385071421453, 0.3430138507142146, 0.3430138507142146, 0.3430138507142146, 0.3430138507142146, 0.3430138507142146, 0.3430138507142146, 0.34301385071421464, 0.3430138507142147, 0.3430138507142147, 0.3430138507142147, 0.34301385071421475, 0.34301385071421475, 0.3430138507142148, 0.3430138507142149, 0.3430138507142149, 0.3430138507142149, 0.343013850714215, 0.343013850714215, 0.343013850714215, 0.343013850714215, 0.34301385071421503, 0.34301385071421503, 0.34301385071421503, 0.34301385071421503, 0.3430138507142151, 0.3430138507142151, 0.34301385071421514, 0.3430138507142152, 0.3430138507142152, 0.3430138507142152, 0.3430138507142152, 0.34301385071421525, 0.34301385071421525, 0.34301385071421525, 0.34301385071421525, 0.3430138507142153, 0.3430138507142153, 0.34301385071421536, 0.3430138507142154, 0.3430138507142154, 0.3430138507142154, 0.3430138507142155, 0.3430138507142155, 0.3430138507142155, 0.3430138507142155, 0.3430138507142155, 0.34301385071421553, 0.34301385071421553, 0.34301385071421553, 0.34301385071421553, 0.3430138507142156, 0.3430138507142156, 0.3430138507142156, 0.3430138507142156, 0.3430138507142156, 0.34301385071421564, 0.34301385071421564, 0.34301385071421564, 0.34301385071421564, 0.3430138507142157, 0.3430138507142157
31, 0.14268438771626832, 0.34301385071421114, 0.3430138507142112, 0.3430138507142116, 0.343013850714212, 0.34301385071421225, 0.34301385071421225, 0.34301385071421253, 0.34301385071421253, 0.34301385071421264, 0.34301385071421264, 0.34301385071421264, 0.34301385071421275, 0.3430138507142128, 0.3430138507142128, 0.3430138507142128, 0.34301385071421286, 0.34301385071421286, 0.3430138507142129, 0.343013850714213, 0.343013850714213, 0.343013850714213, 0.3430138507142131, 0.3430138507142131, 0.3430138507142131, 0.34301385071421314, 0.34301385071421325, 0.34301385071421325, 0.3430138507142133, 0.3430138507142133, 0.34301385071421336, 0.34301385071421336, 0.34301385071421336, 0.34301385071421336, 0.3430138507142134, 0.3430138507142134, 0.3430138507142134, 0.3430138507142135, 0.34301385071421353, 0.3430138507142136, 0.3430138507142136, 0.3430138507142136, 0.3430138507142136, 0.3430138507142136, 0.34301385071421364, 0.34301385071421364, 0.34301385071421364, 0.3430138507142137, 0.34301385071421375, 0.3430138507142138, 0.3430138507142138, 0.3430138507142138, 0.3430138507142138, 0.34301385071421386, 0.34301385071421386, 0.34301385071421386, 0.34301385071421386, 0.343013850714214, 0.34301385071421403, 0.34301385071421403, 0.34301385071421403, 0.34301385071421403, 0.3430138507142141, 0.34301385071421414, 0.34301385071421414, 0.34301385071421414, 0.34301385071421414, 0.34301385071421414, 0.3430138507142142, 0.3430138507142142, 0.34301385071421425, 0.34301385071421425, 0.34301385071421425, 0.34301385071421425, 0.34301385071421425, 0.34301385071421425, 0.34301385071421425, 0.34301385071421425, 0.34301385071421425, 0.3430138507142143, 0.3430138507142143, 0.3430138507142143, 0.3430138507142143, 0.3430138507142143, 0.3430138507142143, 0.3430138507142143, 0.34301385071421436, 0.34301385071421436, 0.3430138507142144, 0.3430138507142144, 0.3430138507142144, 0.3430138507142145, 0.3430138507142145, 0.34301385071421453, 0.34301385071421453, 0.3430138507142146, 0.3430138507142146, 0.3430138507142146, 0.3430138507142146, 0.3430138507142146
32, 0.1426843877162674, 0.14268438771626832, 0.33934878578732086, 0.34301385071421125, 0.3430138507142113, 0.3430138507142118, 0.34301385071421225, 0.34301385071421225, 0.3430138507142123, 0.3430138507142125, 0.3430138507142127, 0.3430138507142128, 0.34301385071421286, 0.3430138507142129, 0.343013850714213, 0.343013850714213, 0.3430138507142132, 0.34301385071421325, 0.34301385071421325, 0.34301385071421325, 0.3430138507142133, 0.34301385071421336, 0.3430138507142134, 0.3430138507142134, 0.3430138507142134, 0.3430138507142134, 0.34301385071421353, 0.34301385071421353, 0.3430138507142136, 0.3430138507142136, 0.3430138507142136, 0.34301385071421364, 0.34301385071421364, 0.3430138507142137, 0.3430138507142137, 0.3430138507142137, 0.3430138507142137, 0.34301385071421375, 0.34301385071421375, 0.34301385071421375, 0.3430138507142138, 0.3430138507142138, 0.3430138507142138, 0.34301385071421386, 0.34301385071421386, 0.34301385071421386, 0.34301385071421386, 0.34301385071421386, 0.3430138507142139, 0.3430138507142139, 0.343013850714214, 0.343013850714214, 0.343013850714214, 0.343013850714214, 0.343013850714214, 0.343013850714214, 0.343013850714214, 0.34301385071421403, 0.3430138507142141, 0.3430138507142141, 0.3430138507142141, 0.3430138507142141, 0.34301385071421414, 0.34301385071421414, 0.34301385071421414, 0.3430138507142142, 0.3430138507142142, 0.3430138507142142, 0.34301385071421425, 0.34301385071421425, 0.34301385071421425, 0.34301385071421425, 0.3430138507142143, 0.3430138507142143, 0.3430138507142143, 0.3430138507142143, 0.3430138507142143, 0.34301385071421436, 0.34301385071421436, 0.34301385071421436, 0.3430138507142144, 0.3430138507142144, 0.3430138507142144, 0.3430138507142145, 0.3430138507142145, 0.3430138507142145, 0.3430138507142145, 0.3430138507142145, 0.3430138507142145, 0.34301385071421453, 0.34301385071421453, 0.34301385071421453, 0.3430138507142146, 0.3430138507142146, 0.3430138507142146, 0.3430138507142146, 0.3430138507142146, 0.3430138507142146, 0.34301385071421464, 0.34301385071421464
33, 0.14268438771626704, 0.14268438771626774, 0.14268438771626776, 0.14268438771626812, 0.14268438771626832, 0.34301385071421087, 0.3430138507142111, 0.34301385071421125, 0.3430138507142119, 0.34301385071421203, 0.34301385071421225, 0.3430138507142123, 0.34301385071421264, 0.3430138507142128, 0.3430138507142128, 0.34301385071421286, 0.3430138507142129, 0.3430138507142129, 0.34301385071421303, 0.3430138507142131, 0.3430138507142131, 0.34301385071421325, 0.34301385071421325, 0.34301385071421325, 0.3430138507142133, 0.3430138507142133, 0.3430138507142133, 0.34301385071421336, 0.34301385071421336, 0.34301385071421336, 0.3430138507142134, 0.3430138507142134, 0.3430138507142134, 0.3430138507142134, 0.3430138507142135, 0.34301385071421353, 0.3430138507142136, 0.3430138507142136, 0.3430138507142136, 0.34301385071421364, 0.34301385071421364, 0.3430138507142137, 0.3430138507142137, 0.3430138507142137, 0.3430138507142137, 0.34301385071421375, 0.3430138507142138, 0.34301385071421386, 0.34301385071421386, 0.34301385071421386, 0.3430138507142139, 0.3430138507142139, 0.3430138507142139, 0.343013850714214, 0.343013850714214, 0.343013850714214, 0.343013850714214, 0.34301385071421403, 0.34301385071421403, 0.34301385071421403, 0.34301385071421403, 0.34301385071421403, 0.34301385071421403, 0.3430138507142141, 0.34301385071421414, 0.34301385071421414, 0.34301385071421414, 0.34301385071421414, 0.34301385071421414, 0.34301385071421414, 0.34301385071421414, 0.3430138507142142, 0.3430138507142142, 0.3430138507142142, 0.3430138507142142, 0.3430138507142142, 0.34301385071421425, 0.34301385071421425, 0.34301385071421425, 0.34301385071421425, 0.3430138507142143, 0.3430138507142143, 0.3430138507142143, 0.3430138507142143, 0.3430138507142143, 0.3430138507142143, 0.3430138507142143, 0.3430138507142143, 0.34301385071421436, 0.3430138507142144, 0.3430138507142144, 0.3430138507142145, 0.3430138507142145, 0.3430138507142145, 0.34301385071421453, 0.34301385071421453, 0.34301385071421453, 0.34301385071421453, 0.34301385071421453, 0.34301385071421453
34, 0.11714285707489404, 0.14268438771626663, 0.1426843877162672, 0.1426843877162672, 0.1426843877162672, 0.14268438771626757, 0.14268438771626757, 0.14268438771626776, 0.14268438771626776, 0.1426843877162678, 0.14268438771626796, 0.14268438771626799, 0.142684387716268, 0.14268438771626832, 0.1426843877162687, 0.14268438771626893, 0.3430138507142119, 0.34301385071421203, 0.3430138507142122, 0.34301385071421225, 0.3430138507142123, 0.3430138507142125, 0.3430138507142125, 0.34301385071421253, 0.34301385071421264, 0.34301385071421264, 0.34301385071421264, 0.34301385071421275, 0.34301385071421286, 0.3430138507142129, 0.3430138507142129, 0.34301385071421303, 0.3430138507142131, 0.34301385071421314, 0.34301385071421314, 0.34301385071421325, 0.34301385071421325, 0.3430138507142133, 0.3430138507142133, 0.34301385071421336, 0.34301385071421336, 0.34301385071421336, 0.34301385071421336, 0.3430138507142134, 0.34301385071421353, 0.3430138507142136, 0.3430138507142136, 0.3430138507142136, 0.3430138507142136, 0.3430138507142136, 0.34301385071421364, 0.34301385071421364, 0.3430138507142137, 0.3430138507142137, 0.3430138507142137, 0.3430138507142137, 0.3430138507142138, 0.3430138507142138, 0.3430138507142138, 0.3430138507142138, 0.3430138507142138, 0.34301385071421386, 0.34301385071421386, 0.34301385071421386, 0.34301385071421386, 0.34301385071421386, 0.34301385071421386, 0.34301385071421386, 0.3430138507142139, 0.3430138507142139, 0.343013850714214, 0.343013850714214, 0.343013850714214, 0.343013850714214, 0.343013850714214, 0.343013850714214, 0.343013850714214, 0.34301385071421403, 0.3430138507142141, 0.34301385071421414, 0.34301385071421414, 0.34301385071421414, 0.34301385071421414, 0.3430138507142142, 0.3430138507142142, 0.3430138507142142, 0.34301385071421425, 0.34301385071421425, 0.34301385071421425, 0.34301385071421425, 0.34301385071421425, 0.3430138507142143, 0.3430138507142143, 0.3430138507142143, 0.3430138507142143, 0.3430138507142143, 0.3430138507142143, 0.34301385071421436, 0.34301385071421436, 0.34301385071421436
35, 0.11714285707489436, 0.11714285707489551, 0.11714285707489559, 0.14268438771626682, 0.14268438771626685, 0.14268438771626685, 0.14268438771626688, 0.142684387716267, 0.142684387716267, 0.142684387716267, 0.1426843877162672, 0.1426843877162672, 0.1426843877162672, 0.14268438771626735, 0.14268438771626737, 0.14268438771626737, 0.1426843877162674, 0.14268438771626743, 0.14268438771626743, 0.14268438771626757, 0.14268438771626757, 0.14268438771626757, 0.14268438771626757, 0.14268438771626757, 0.14268438771626757, 0.1426843877162676, 0.1426843877162676, 0.14268438771626762, 0.1426843877162677, 0.14268438771626774, 0.14268438771626774, 0.14268438771626776, 0.14268438771626776, 0.14268438771626776, 0.14268438771626776, 0.14268438771626776, 0.1426843877162678, 0.14268438771626796, 0.14268438771626796, 0.14268438771626796, 0.14268438771626796, 0.14268438771626796, 0.14268438771626796, 0.142684387716268, 0.14268438771626815, 0.14268438771626815, 0.14268438771626815, 0.1426843877162683, 0.14268438771626832, 0.14268438771626832, 0.14268438771626832, 0.14268438771626835, 0.14268438771626848, 0.14268438771626848, 0.1426843877162685, 0.1426843877162685, 0.1426843877162687, 0.34301385071421076, 0.3430138507142112, 0.3430138507142122, 0.34301385071421264, 0.34301385071421275, 0.3430138507142128, 0.343013850714213, 0.343013850714213, 0.3430138507142131, 0.3430138507142131, 0.3430138507142131, 0.3430138507142131, 0.3430138507142131, 0.34301385071421314, 0.34301385071421314, 0.34301385071421314, 0.34301385071421314, 0.34301385071421325, 0.34301385071421325, 0.34301385071421325, 0.3430138507142133, 0.3430138507142133, 0.3430138507142133, 0.3430138507142134, 0.3430138507142135, 0.34301385071421353, 0.34301385071421353, 0.34301385071421353, 0.34301385071421353, 0.3430138507142137, 0.3430138507142137, 0.3430138507142137, 0.3430138507142137, 0.34301385071421375, 0.3430138507142138, 0.3430138507142138, 0.3430138507142138, 0.34301385071421386, 0.3430138507142139, 0.343013850714214, 0.343013850714214, 0.343013850714214, 0.343013850714214
36, 0.11714285707489316, 0.11714285707489472, 0.1171428570748948, 0.11714285707489482, 0.11714285707489482, 0.1171428570748949, 0.11714285707489507, 0.11714285707489525, 0.11714285707489566, 0.11714285707489586, 0.11714285707489647, 0.14268438771626665, 0.1426843877162668, 0.14268438771626682, 0.14268438771626682, 0.14268438771626685, 0.14268438771626685, 0.14268438771626685, 0.14268438771626685, 0.14268438771626699, 0.142684387716267, 0.142684387716267, 0.142684387716267, 0.14268438771626704, 0.14268438771626704, 0.14268438771626704, 0.1426843877162672, 0.1426843877162672, 0.1426843877162672, 0.1426843877162672, 0.1426843877162672, 0.1426843877162672, 0.1426843877162672, 0.1426843877162672, 0.1426843877162672, 0.1426843877162672, 0.1426843877162672, 0.14268438771626724, 0.14268438771626724, 0.14268438771626724, 0.14268438771626724, 0.14268438771626724, 0.14268438771626724, 0.14268438771626724, 0.14268438771626724, 0.14268438771626737, 0.14268438771626737, 0.14268438771626737, 0.14268438771626737, 0.14268438771626737, 0.14268438771626737, 0.14268438771626737, 0.14268438771626737, 0.1426843877162674, 0.1426843877162674, 0.1426843877162674, 0.1426843877162674, 0.1426843877162674, 0.1426843877162674, 0.1426843877162674, 0.1426843877162674, 0.1426843877162674, 0.1426843877162674, 0.1426843877162674, 0.1426843877162674, 0.1426843877162674, 0.14268438771626743, 0.14268438771626743, 0.14268438771626754, 0.14268438771626754, 0.14268438771626754, 0.14268438771626757, 0.14268438771626757, 0.14268438771626757, 0.14268438771626757, 0.14268438771626757, 0.14268438771626757, 0.14268438771626757, 0.14268438771626757, 0.14268438771626757, 0.14268438771626757, 0.1426843877162676, 0.1426843877162676, 0.1426843877162676, 0.1426843877162676, 0.1426843877162676, 0.1426843877162676, 0.1426843877162676, 0.1426843877162676, 0.1426843877162676, 0.1426843877162676, 0.14268438771626762, 0.14268438771626762, 0.14268438771626762, 0.14268438771626774, 0.14268438771626776, 0.14268438771626776, 0.14268438771626776, 0.14268438771626776, 0.14268438771626776
37, 0.06239650758928424, 0.11714285707489258, 0.117142857074893, 0.11714285707489316, 0.11714285707489352, 0.11714285707489361, 0.11714285707489361, 0.11714285707489362, 0.11714285707489394, 0.11714285707489396, 0.11714285707489397, 0.11714285707489405, 0.11714285707489423, 0.1171428570748943, 0.1171428570748943, 0.1171428570748943, 0.11714285707489436, 0.11714285707489448, 0.11714285707489465, 0.11714285707489466, 0.11714285707489476, 0.11714285707489488, 0.11714285707489491, 0.11714285707489497, 0.11714285707489498, 0.11714285707489505, 0.11714285707489508, 0.11714285707489508, 0.11714285707489515, 0.11714285707489518, 0.11714285707489532, 0.11714285707489533, 0.1171428570748954, 0.11714285707489541, 0.11714285707489543, 0.11714285707489543, 0.1171428570748955, 0.11714285707489551, 0.11714285707489556, 0.11714285707489558, 0.11714285707489566, 0.11714285707489576, 0.11714285707489593, 0.11714285707489594, 0.11714285707489594, 0.1171428570748961, 0.1171428570748961, 0.11714285707489645, 0.11714285707489645, 0.11714285707489723, 0.14268438771626646, 0.1426843877162665, 0.1426843877162665, 0.14268438771626651, 0.14268438771626663, 0.14268438771626665, 0.14268438771626665, 0.14268438771626682, 0.14268438771626682, 0.14268438771626682, 0.14268438771626682, 0.14268438771626685, 0.14268438771626685, 0.14268438771626685, 0.14268438771626685, 0.14268438771626685, 0.14268438771626685, 0.14268438771626685, 0.14268438771626685, 0.14268438771626685, 0.14268438771626685, 0.14268438771626699, 0.14268438771626699, 0.142684387716267, 0.142684387716267, 0.142684387716267, 0.142684387716267, 0.142684387716267, 0.14268438771626704, 0.14268438771626704, 0.14268438771626704, 0.14268438771626704, 0.14268438771626704, 0.14268438771626704, 0.14268438771626704, 0.14268438771626718, 0.14268438771626718, 0.14268438771626718, 0.14268438771626718, 0.14268438771626718, 0.1426843877162672, 0.1426843877162672, 0.1426843877162672, 0.1426843877162672, 0.1426843877162672, 0.1426843877162672, 0.1426843877162672, 0.1426843877162672, 0.1426843877162672, 0.1426843877162672
38, 0.02858280173756226, 0.06239650758928347, 0.06239650758928347, 0.06239650758928424, 0.07292805940916577, 0.11714285707489257, 0.11714285707489266, 0.1171428570748931, 0.11714285707489325, 0.11714285707489328, 0.11714285707489328, 0.11714285707489334, 0.11714285707489334, 0.11714285707489336, 0.11714285707489354, 0.11714285707489362, 0.11714285707489369, 0.11714285707489377, 0.1171428570748938, 0.1171428570748938, 0.11714285707489386, 0.11714285707489387, 0.11714285707489389, 0.11714285707489396, 0.11714285707489397, 0.11714285707489397, 0.11714285707489397, 0.11714285707489404, 0.11714285707489404, 0.11714285707489404, 0.11714285707489404, 0.11714285707489405, 0.11714285707489412, 0.11714285707489412, 0.11714285707489419, 0.11714285707489419, 0.1171428570748942, 0.1171428570748942, 0.1171428570748942, 0.1171428570748942, 0.11714285707489422, 0.11714285707489422, 0.11714285707489422, 0.11714285707489422, 0.11714285707489422, 0.11714285707489422, 0.11714285707489423, 0.11714285707489432, 0.11714285707489437, 0.11714285707489437, 0.11714285707489437, 0.11714285707489439, 0.11714285707489439, 0.1171428570748944, 0.11714285707489447, 0.11714285707489447, 0.11714285707489448, 0.11714285707489448, 0.11714285707489454, 0.11714285707489455, 0.11714285707489455, 0.11714285707489455, 0.11714285707489455, 0.11714285707489457, 0.11714285707489458, 0.11714285707489462, 0.11714285707489464, 0.11714285707489464, 0.11714285707489464, 0.11714285707489464, 0.1171428570748947, 0.1171428570748947, 0.11714285707489472, 0.11714285707489473, 0.11714285707489473, 0.11714285707489479, 0.11714285707489482, 0.11714285707489482, 0.11714285707489482, 0.11714285707489482, 0.11714285707489483, 0.11714285707489483, 0.11714285707489488, 0.11714285707489488, 0.11714285707489488, 0.1171428570748949, 0.1171428570748949, 0.11714285707489495, 0.11714285707489497, 0.11714285707489498, 0.11714285707489498, 0.11714285707489498, 0.117142857074895, 0.117142857074895, 0.117142857074895, 0.11714285707489505, 0.11714285707489507, 0.11714285707489508, 0.11714285707489508, 0.11714285707489508
39, 0.02858280173756069, 0.028582801737561284, 0.0285828017375623, 0.028582801737562346, 0.028582801737562384, 0.028582801737562558, 0.06239650758928221, 0.06239650758928321, 0.06239650758928347, 0.062396507589283716, 0.06239650758928373, 0.06239650758928374, 0.062396507589283744, 0.06239650758928396, 0.06239650758928399, 0.06239650758928424, 0.0623965075892845, 0.062396507589284736, 0.0729280594091651, 0.07292805940916523, 0.07292805940916562, 0.10513201550521871, 0.11501639573116983, 0.11714285707489268, 0.11714285707489298, 0.11714285707489303, 0.11714285707489318, 0.11714285707489318, 0.11714285707489319, 0.11714285707489326, 0.11714285707489326, 0.11714285707489333, 0.11714285707489336, 0.11714285707489336, 0.11714285707489337, 0.11714285707489343, 0.11714285707489343, 0.11714285707489344, 0.11714285707489351, 0.11714285707489352, 0.11714285707489352, 0.11714285707489358, 0.1171428570748936, 0.11714285707489361, 0.11714285707489361, 0.11714285707489369, 0.11714285707489369, 0.1171428570748937, 0.11714285707489377, 0.11714285707489386, 0.11714285707489387, 0.11714285707489387, 0.11714285707489387, 0.11714285707489387, 0.11714285707489389, 0.11714285707489394, 0.11714285707489394, 0.11714285707489396, 0.11714285707489396, 0.11714285707489396, 0.11714285707489396, 0.11714285707489396, 0.11714285707489396, 0.11714285707489397, 0.11714285707489397, 0.11714285707489401, 0.11714285707489402, 0.11714285707489404, 0.11714285707489404, 0.11714285707489404, 0.11714285707489404, 0.11714285707489405, 0.11714285707489405, 0.11714285707489405, 0.11714285707489407, 0.11714285707489412, 0.11714285707489414, 0.11714285707489414, 0.11714285707489414, 0.11714285707489414, 0.11714285707489414, 0.11714285707489415, 0.11714285707489419, 0.1171428570748942, 0.1171428570748942, 0.1171428570748942, 0.11714285707489422, 0.11714285707489422, 0.11714285707489422, 0.11714285707489423, 0.11714285707489429, 0.11714285707489429, 0.11714285707489429, 0.11714285707489429, 0.1171428570748943, 0.1171428570748943, 0.1171428570748943, 0.1171428570748943, 0.1171428570748943, 0.11714285707489432
40, 0.028582801737560858, 0.02858280173756094, 0.028582801737561024, 0.02858280173756107, 0.028582801737561152, 0.028582801737561198, 0.02858280173756145, 0.028582801737561492, 0.02858280173756171, 0.02858280173756179, 0.028582801737561878, 0.028582801737561916, 0.028582801737562002, 0.028582801737562214, 0.0285828017375623, 0.0285828017375623, 0.028582801737562346, 0.028582801737562426, 0.028582801737562516, 0.05817895833955783, 0.062396507589282724, 0.06239650758928298, 0.06239650758928323, 0.062396507589283244, 0.06239650758928346, 0.06239650758928347, 0.06239650758928349, 0.062396507589283716, 0.06239650758928372, 0.06239650758928373, 0.06239650758928373, 0.06239650758928374, 0.06239650758928374, 0.06239650758928374, 0.06239650758928375, 0.062396507589283765, 0.062396507589283966, 0.06239650758928398, 0.06239650758928398, 0.06239650758928398, 0.06239650758928399, 0.06239650758928399, 0.062396507589284, 0.062396507589284, 0.062396507589284, 0.062396507589284216, 0.06239650758928423, 0.06239650758928424, 0.06239650758928425, 0.06239650758928426, 0.062396507589284465, 0.06239650758928448, 0.06239650758928448, 0.062396507589284486, 0.0623965075892845, 0.0623965075892845, 0.06239650758928474, 0.06239650758928476, 0.06239650758928499, 0.06239650758928501, 0.06239650758928528, 0.07292805940916482, 0.0729280594091651, 0.07292805940916511, 0.07292805940916523, 0.07292805940916523, 0.07292805940916551, 0.07292805940916577, 0.0729280594091659, 0.07292805940916591, 0.1051320155052174, 0.10513201550521789, 0.10513201550521804, 0.11714285707489284, 0.11714285707489318, 0.11714285707489319, 0.11714285707489337, 0.11714285707489344, 0.1171428570748935, 0.11714285707489351, 0.1171428570748936, 0.11714285707489361, 0.11714285707489361, 0.11714285707489361, 0.11714285707489368, 0.11714285707489368, 0.11714285707489368, 0.1171428570748937, 0.1171428570748937, 0.11714285707489377, 0.11714285707489377, 0.11714285707489377, 0.11714285707489379, 0.11714285707489383, 0.11714285707489386, 0.11714285707489387, 0.11714285707489387, 0.11714285707489394, 0.11714285707489394, 0.11714285707489396
41, 0.02858280173756111, 0.02858280173756111, 0.028582801737561152, 0.028582801737561322, 0.028582801737561322, 0.028582801737561322, 0.028582801737561326, 0.028582801737561364, 0.028582801737561368, 0.028582801737561368, 0.02858280173756145, 0.02858280173756145, 0.028582801737561492, 0.028582801737561538, 0.028582801737561538, 0.028582801737561576, 0.02858280173756158, 0.02858280173756162, 0.028582801737561624, 0.028582801737561624, 0.028582801737561662, 0.028582801737561662, 0.028582801737561666, 0.028582801737561704, 0.028582801737561708, 0.028582801737561708, 0.028582801737561746, 0.02858280173756175, 0.02858280173756175, 0.02858280173756175, 0.02858280173756175, 0.028582801737561753, 0.02858280173756179, 0.028582801737561794, 0.028582801737561794, 0.028582801737561832, 0.028582801737561832, 0.028582801737561874, 0.028582801737561878, 0.028582801737561878, 0.028582801737561878, 0.02858280173756192, 0.02858280173756196, 0.028582801737562002, 0.028582801737562002, 0.028582801737562006, 0.028582801737562006, 0.028582801737562044, 0.028582801737562048, 0.02858280173756209, 0.02858280173756213, 0.028582801737562134, 0.028582801737562134, 0.028582801737562172, 0.028582801737562172, 0.028582801737562172, 0.028582801737562218, 0.028582801737562218, 0.0285828017375623, 0.0285828017375623, 0.028582801737562342, 0.028582801737562342, 0.028582801737562346, 0.028582801737562388, 0.028582801737562388, 0.02858280173756243, 0.02858280173756247, 0.02858280173756264, 0.028582801737562682, 0.02858280173756277, 0.028582801737563238, 0.05817895833955832, 0.06239650758928224, 0.062396507589282495, 0.0623965075892827, 0.06239650758928272, 0.06239650758928272, 0.06239650758928272, 0.06239650758928272, 0.06239650758928272, 0.06239650758928297, 0.062396507589282973, 0.06239650758928298, 0.06239650758928301, 0.06239650758928321, 0.06239650758928321, 0.06239650758928321, 0.062396507589283216, 0.062396507589283216, 0.06239650758928322, 0.06239650758928322, 0.06239650758928322, 0.06239650758928322, 0.06239650758928323, 0.06239650758928323, 0.06239650758928323, 0.06239650758928324, 0.062396507589283244, 0.062396507589283244, 0.062396507589283445
42, 0.028582801737560472, 0.028582801737560812, 0.028582801737561024, 0.02858280173756107, 0.028582801737561073, 0.028582801737561107, 0.02858280173756111, 0.028582801737561114, 0.028582801737561152, 0.028582801737561156, 0.028582801737561194, 0.028582801737561194, 0.028582801737561198, 0.028582801737561198, 0.028582801737561236, 0.02858280173756124, 0.02858280173756124, 0.028582801737561243, 0.028582801737561277, 0.02858280173756128, 0.02858280173756128, 0.02858280173756128, 0.028582801737561284, 0.028582801737561284, 0.028582801737561322, 0.028582801737561322, 0.028582801737561322, 0.028582801737561322, 0.028582801737561368, 0.028582801737561368, 0.028582801737561368, 0.028582801737561368, 0.028582801737561368, 0.028582801737561368, 0.02858280173756141, 0.02858280173756141, 0.02858280173756141, 0.02858280173756141, 0.02858280173756141, 0.02858280173756141, 0.02858280173756141, 0.028582801737561447, 0.02858280173756145, 0.02858280173756145, 0.02858280173756145, 0.02858280173756145, 0.02858280173756145, 0.02858280173756145, 0.028582801737561454, 0.028582801737561454, 0.028582801737561492, 0.028582801737561492, 0.028582801737561492, 0.028582801737561492, 0.028582801737561534, 0.028582801737561534, 0.028582801737561534, 0.028582801737561538, 0.028582801737561538, 0.028582801737561538, 0.028582801737561538, 0.02858280173756154, 0.02858280173756154, 0.02858280173756158, 0.02858280173756158, 0.02858280173756158, 0.02858280173756158, 0.02858280173756158, 0.02858280173756162, 0.02858280173756162, 0.02858280173756162, 0.02858280173756162, 0.028582801737561624, 0.028582801737561624, 0.028582801737561662, 0.028582801737561662, 0.028582801737561662, 0.028582801737561662, 0.028582801737561662, 0.028582801737561662, 0.028582801737561666, 0.028582801737561666, 0.028582801737561666, 0.028582801737561666, 0.028582801737561666, 0.028582801737561666, 0.028582801737561704, 0.028582801737561704, 0.028582801737561704, 0.028582801737561704, 0.028582801737561704, 0.028582801737561704, 0.028582801737561708, 0.028582801737561708, 0.028582801737561708, 0.02858280173756171, 0.028582801737561746, 0.028582801737561746, 0.028582801737561746, 0.02858280173756175
43, 0.002557518500015437, 0.028016863792266977, 0.028582801737560642, 0.028582801737560684, 0.02858280173756073, 0.02858280173756077, 0.02858280173756081, 0.028582801737560812, 0.028582801737560854, 0.028582801737560896, 0.02858280173756094, 0.02858280173756094, 0.02858280173756094, 0.028582801737560944, 0.028582801737560944, 0.028582801737560982, 0.028582801737560982, 0.028582801737560982, 0.028582801737560986, 0.028582801737561024, 0.028582801737561028, 0.028582801737561066, 0.02858280173756107, 0.02858280173756107, 0.028582801737561114, 0.028582801737561152, 0.028582801737561152, 0.028582801737561152, 0.028582801737561152, 0.028582801737561194, 0.028582801737561194, 0.028582801737561194, 0.028582801737561198, 0.028582801737561198, 0.028582801737561198, 0.028582801737561236, 0.02858280173756124, 0.02858280173756124, 0.02858280173756124, 0.02858280173756124, 0.028582801737561243, 0.02858280173756128, 0.02858280173756128, 0.02858280173756128, 0.028582801737561284, 0.02858280173756132, 0.02858280173756132, 0.028582801737561322, 0.028582801737561322, 0.028582801737561322, 0.028582801737561322, 0.028582801737561322, 0.028582801737561322, 0.028582801737561322, 0.028582801737561322, 0.028582801737561326, 0.028582801737561326, 0.028582801737561326, 0.028582801737561364, 0.028582801737561364, 0.028582801737561364, 0.028582801737561364, 0.028582801737561364, 0.028582801737561364, 0.028582801737561364, 0.028582801737561364, 0.028582801737561368, 0.028582801737561368, 0.02858280173756137, 0.028582801737561406, 0.028582801737561406, 0.028582801737561406, 0.02858280173756141, 0.02858280173756141, 0.02858280173756141, 0.02858280173756141, 0.02858280173756141, 0.02858280173756141, 0.02858280173756141, 0.02858280173756141, 0.028582801737561413, 0.028582801737561447, 0.02858280173756145, 0.02858280173756145, 0.02858280173756145, 0.02858280173756145, 0.02858280173756145, 0.02858280173756145, 0.02858280173756145, 0.02858280173756145, 0.02858280173756145, 0.02858280173756145, 0.028582801737561454, 0.028582801737561454, 0.028582801737561454, 0.028582801737561492, 0.028582801737561492, 0.028582801737561492, 0.028582801737561492, 0.028582801737561492
44, 0.0025575185000155007, 0.002557518500015615, 0.0025575185000157557, 0.028016863792266762, 0.028016863792266807, 0.02858280173756077, 0.02858280173756077, 0.028582801737560854, 0.028582801737560854, 0.02858280173756098, 0.028582801737560982, 0.02858280173756102, 0.028582801737561024, 0.02858280173756107, 0.028582801737561107, 0.02858280173756111, 0.02858280173756111, 0.02858280173756111, 0.028582801737561114, 0.028582801737561152, 0.028582801737561152, 0.028582801737561152, 0.028582801737561152, 0.028582801737561152, 0.028582801737561152, 0.028582801737561152, 0.028582801737561152, 0.028582801737561152, 0.028582801737561156, 0.028582801737561156, 0.028582801737561194, 0.028582801737561194, 0.028582801737561194, 0.028582801737561198, 0.028582801737561198, 0.028582801737561198, 0.028582801737561198, 0.028582801737561198, 0.028582801737561236, 0.028582801737561236, 0.02858280173756124, 0.02858280173756124, 0.02858280173756124, 0.02858280173756124, 0.028582801737561277, 0.02858280173756128, 0.02858280173756128, 0.02858280173756128, 0.02858280173756128, 0.028582801737561284, 0.028582801737561322, 0.028582801737561322, 0.028582801737561322, 0.028582801737561322, 0.028582801737561322, 0.028582801737561326, 0.028582801737561326, 0.028582801737561364, 0.028582801737561364, 0.028582801737561364, 0.028582801737561364, 0.028582801737561364, 0.028582801737561364, 0.028582801737561368, 0.028582801737561368, 0.028582801737561368, 0.028582801737561368, 0.028582801737561406, 0.02858280173756141, 0.02858280173756141, 0.02858280173756141, 0.02858280173756141, 0.02858280173756141, 0.02858280173756141, 0.028582801737561447, 0.02858280173756145, 0.02858280173756145, 0.02858280173756145, 0.02858280173756145, 0.02858280173756145, 0.02858280173756145, 0.02858280173756145, 0.02858280173756145, 0.02858280173756145, 0.028582801737561454, 0.028582801737561454, 0.02858280173756149, 0.028582801737561492, 0.028582801737561492, 0.028582801737561492, 0.028582801737561492, 0.028582801737561492, 0.028582801737561492, 0.028582801737561492, 0.028582801737561492, 0.028582801737561492, 0.028582801737561496, 0.028582801737561496, 0.028582801737561496, 0.0285828017375615
45, 0.0025575185000153854, 0.0025575185000154626, 0.0025575185000155137, 0.002557518500015514, 0.002557518500015539, 0.0025575185000155523, 0.0025575185000155896, 0.00255751850001559, 0.0025575185000156022, 0.0025575185000156027, 0.0025575185000156027, 0.002557518500015616, 0.002557518500015691, 0.0025575185000157046, 0.028582801737560642, 0.02858280173756073, 0.028582801737560854, 0.028582801737560896, 0.0285828017375609, 0.028582801737560982, 0.028582801737560982, 0.028582801737560986, 0.028582801737560986, 0.028582801737561024, 0.028582801737561024, 0.028582801737561028, 0.028582801737561028, 0.028582801737561028, 0.028582801737561066, 0.02858280173756107, 0.02858280173756107, 0.028582801737561073, 0.028582801737561107, 0.02858280173756111, 0.02858280173756111, 0.02858280173756111, 0.02858280173756111, 0.02858280173756111, 0.028582801737561152, 0.028582801737561152, 0.028582801737561152, 0.028582801737561152, 0.028582801737561194, 0.028582801737561194, 0.028582801737561194, 0.028582801737561198, 0.02858280173756124, 0.02858280173756124, 0.02858280173756124, 0.02858280173756124, 0.02858280173756124, 0.028582801737561243, 0.02858280173756128, 0.02858280173756128, 0.02858280173756128, 0.02858280173756128, 0.02858280173756128, 0.02858280173756128, 0.02858280173756128, 0.028582801737561322, 0.028582801737561322, 0.028582801737561322, 0.028582801737561322, 0.028582801737561322, 0.028582801737561322, 0.028582801737561322, 0.028582801737561364, 0.028582801737561364, 0.028582801737561364, 0.028582801737561364, 0.028582801737561368, 0.028582801737561368, 0.02858280173756137, 0.028582801737561406, 0.02858280173756141, 0.02858280173756141, 0.02858280173756141, 0.02858280173756141, 0.02858280173756141, 0.02858280173756141, 0.028582801737561447, 0.02858280173756145, 0.02858280173756145, 0.02858280173756145, 0.02858280173756145, 0.02858280173756145, 0.028582801737561454, 0.028582801737561454, 0.028582801737561454, 0.028582801737561492, 0.028582801737561492, 0.028582801737561492, 0.028582801737561492, 0.028582801737561492, 0.028582801737561492, 0.028582801737561492, 0.028582801737561492, 0.028582801737561492, 0.028582801737561496, 0.028582801737561496
46, 5.697778489881129E-6, 0.0025575185000152336, 0.002557518500015246, 0.002557518500015285, 0.0025575185000153095, 0.0025575185000153732, 0.0025575185000153862, 0.002557518500015412, 0.0025575185000154374, 0.002557518500015438, 0.00255751850001545, 0.0025575185000154877, 0.002557518500015488, 0.0025575185000155003, 0.0025575185000155003, 0.0025575185000155007, 0.002557518500015513, 0.002557518500015513, 0.0025575185000155133, 0.0025575185000155137, 0.002557518500015526, 0.0025575185000155263, 0.0025575185000155268, 0.0025575185000155385, 0.002557518500015564, 0.002557518500015564, 0.002557518500015564, 0.0025575185000155645, 0.002557518500015577, 0.0025575185000155775, 0.00255751850001559, 0.0025575185000156022, 0.0025575185000156027, 0.002557518500015615, 0.002557518500015615, 0.0025575185000156157, 0.002557518500015628, 0.0025575185000156282, 0.0025575185000156282, 0.0025575185000156404, 0.002557518500015641, 0.0025575185000156534, 0.0025575185000156655, 0.0025575185000156664, 0.002557518500015678, 0.0025575185000156785, 0.002557518500015679, 0.0025575185000156907, 0.002557518500015691, 0.0025575185000156916, 0.0025575185000157037, 0.002557518500015704, 0.002557518500015768, 0.0025575185000157926, 0.0025575185000158178, 0.0025575185000158308, 0.002557518500015869, 0.028582801737560642, 0.028582801737560646, 0.028582801737560684, 0.028582801737560858, 0.0285828017375609, 0.028582801737560937, 0.02858280173756094, 0.028582801737560982, 0.028582801737560982, 0.028582801737560986, 0.028582801737560986, 0.028582801737560986, 0.028582801737561028, 0.028582801737561028, 0.028582801737561028, 0.028582801737561107, 0.02858280173756111, 0.02858280173756111, 0.02858280173756111, 0.02858280173756111, 0.028582801737561152, 0.028582801737561152, 0.028582801737561152, 0.028582801737561194, 0.028582801737561198, 0.028582801737561236, 0.02858280173756124, 0.02858280173756124, 0.02858280173756124, 0.02858280173756124, 0.02858280173756124, 0.028582801737561243, 0.02858280173756128, 0.02858280173756128, 0.02858280173756128, 0.028582801737561284, 0.028582801737561322, 0.028582801737561322, 0.028582801737561322, 0.028582801737561322, 0.028582801737561322, 0.028582801737561326, 0.028582801737561326
