t,mse,failures
0, 1.1934775229180355E10, 0
1, 88728.34945768927, 0
2, 30948.068011236697, 0
3, 15808.375686135541, 0
4, 15515.907166044602, 0
5, 15515.907166044602, 0
6, 15515.907166044602, 0
7, 15515.907166044602, 0
8, 15515.907166044602, 0
9, 15515.907166044602, 0
10, 15515.907166044602, 0
11, 15515.907166044602, 0
12, 15515.907166044602, 0
13, 15515.907166044602, 0
14, 15515.907166044602, 0
15, 15515.907166044602, 0
16, 15515.907166044602, 0
17, 15515.907166044602, 0
18, 15515.907166044602, 0
19, 15515.907166044602, 0
20, 15515.907166044602, 0
21, 15515.907166044602, 0
22, 15515.907166044602, 0
23, 15515.907166044602, 0
24, 15515.907166044602, 0
25, 15515.907166044602, 0
26, 15515.907166044602, 0
27, 15515.907166044602, 0
28, 15515.907166044602, 0
29, 15305.701888631644, 0
30, 15305.701888631644, 0
31, 15305.701888631644, 0
32, 15305.701888631644, 0
33, 15305.701888631644, 0
34, 15305.701888631644, 0
35, 15305.701888631644, 0
36, 15305.701888631644, 0
37, 15305.701888631644, 0
38, 15305.701888631644, 0
39, 15305.701888631644, 0
40, 15305.701888631644, 0
41, 15305.701888631644, 0
42, 15305.701888631644, 0
43, 15305.701888631644, 0
44, 15305.701888631644, 0
45, 15305.701888631644, 0
46, 15305.701888631644, 0
47, 15305.701888631644, 0
48, 15305.701888631644, 0
49, 15305.701888631644, 0
50, 15305.701888631644, 0
51, 15305.701888631644, 0
52, 15305.701888631644, 0
53, 15305.701888631644, 0
54, 15305.701888631644, 0
55, 15305.701888631644, 0
56, 15305.701888631644, 0
57, 15305.701888631644, 0
58, 15305.701888631644, 0
59, 15305.701888631644, 0
60, 15305.701888631644, 0
61, 15305.701888631644, 0
62, 15305.701888631644, 0
63, 15305.701888631644, 0
64, 15305.701888631644, 0
65, 15305.701888631644, 0
66, 15305.701888631644, 0
67, 15305.701888631644, 0
68, 15305.701888631644, 0
69, 15305.701888631644, 0
70, 15305.701888631644, 0
71, 15305.701888631644, 0
72, 15305.701888631644, 0
73, 15305.701888631644, 0
74, 15305.701888631644, 0
75, 15305.701888631644, 0
76, 15305.701888631644, 0
77, 15305.701888631644, 0
78, 15305.701888631644, 0
79, 15305.701888631644, 0
80, 15305.701888631644, 0
81, 15305.701888631644, 0
82, 15305.701888631644, 0
83, 15305.701888631644, 0
84, 15305.701888631644, 0
85, 15305.701888631644, 0
86, 15305.701888631644, 0
87, 15305.701888631644, 0
88, 15305.701888631644, 0
89, 15305.701888631644, 0
90, 15305.701888631644, 0
91, 15305.701888631644, 0
92, 15305.701888631644, 0
93, 15305.701888631644, 0
94, 15305.701888631644, 0
95, 15305.701888631644, 0
96, 14535.330304972611, 0
97, 14535.330304972611, 0
98, 14535.330304972611, 0
99, 14535.330304972611, 0
100, 14535.330304972611, 0
101, 14535.330304972611, 0
102, 14535.330304972611, 0
103, 14535.330304972611, 0
104, 14535.330304972611, 0
105, 14535.330304972611, 0
106, 14535.330304972611, 0
107, 14535.330304972611, 0
108, 14535.330304972611, 0
109, 14535.330304972611, 0
110, 14535.330304972611, 0
111, 14535.330304972611, 0
112, 14535.330304972611, 0
113, 14535.330304972611, 0
114, 14535.330304972611, 0
115, 14535.330304972611, 0
116, 14535.330304972611, 0
117, 14535.330304972611, 0
118, 14535.330304972611, 0
119, 14535.330304972611, 0
120, 14535.330304972611, 0
121, 14535.330304972611, 0
122, 14535.330304972611, 0
123, 14535.330304972611, 0
124, 14535.330304972611, 0
125, 14535.330304972611, 0
126, 14535.330304972611, 0
127, 14535.330304972611, 0
128, 14535.330304972611, 0
129, 14535.330304972611, 0
130, 14535.330304972611, 0
131, 14535.330304972611, 0
132, 14535.330304972611, 0
133, 14535.330304972611, 0
134, 14535.330304972611, 0
135, 14535.330304972611, 0
136, 14535.330304972611, 0
137, 14535.330304972611, 0
138, 14535.330304972611, 0
139, 14535.330304972611, 0
140, 14535.330304972611, 0
141, 14535.330304972611, 0
142, 14535.330304972611, 0
143, 14535.330304972611, 0
144, 14535.330304972611, 0
145, 12820.291461681643, 0
146, 12820.291461681643, 0
147, 12820.291461681643, 0
148, 12820.291461681643, 0
149, 12820.291461681643, 0
150, 12820.291461681643, 0
151, 12820.291461681643, 0
152, 12820.291461681643, 0
153, 12820.291461681643, 0
154, 12820.291461681643, 0
155, 12820.291461681643, 0
156, 12820.291461681643, 0
157, 12820.291461681643, 0
158, 12820.291461681643, 0
159, 12820.291461681643, 0
160, 12820.291461681643, 0
161, 12820.291461681643, 0
162, 12820.291461681643, 0
163, 12820.291461681643, 0
164, 12820.291461681643, 0
165, 12820.291461681643, 0
166, 12820.291461681643, 0
167, 12820.291461681643, 0
168, 12820.291461681643, 0
169, 12820.291461681643, 0
170, 12820.291461681643, 0
171, 12820.291461681643, 0
172, 12820.291461681643, 0
173, 12820.291461681643, 0
174, 12820.291461681643, 0
175, 12820.291461681643, 0
176, 12820.291461681643, 0
177, 12820.291461681643, 0
178, 12820.291461681643, 0
179, 12820.291461681643, 0
180, 12820.291461681643, 0
181, 12820.291461681643, 0
182, 12820.291461681643, 0
183, 12820.291461681643, 0
184, 12820.291461681643, 0
185, 12820.291461681643, 0
186, 12820.291461681643, 0
187, 12820.291461681643, 0
188, 12820.291461681643, 0
189, 12820.291461681643, 0
190, 12820.291461681643, 0
191, 12820.291461681643, 0
192, 12820.291461681643, 0
193, 12820.291461681643, 0
194, 12820.291461681643, 0
195, 12820.291461681643, 0
196, 12820.291461681643, 0
197, 12820.291461681643, 0
198, 12820.291461681643, 0
199, 12820.291461681643, 0
200, 12820.291461681643, 0
201, 12820.291461681643, 0
202, 12820.291461681643, 0
203, 12820.291461681643, 0
204, 12820.291461681643, 0
205, 12820.291461681643, 0
206, 12820.291461681643, 0
207, 12820.291461681643, 0
208, 12820.291461681643, 0
209, 12820.291461681643, 0
210, 12820.291461681643, 0
211, 12820.291461681643, 0
212, 12820.291461681643, 0
213, 12820.291461681643, 0
214, 12820.291461681643, 0
215, 12820.291461681643, 0
216, 12820.291461681643, 0
217, 12820.291461681643, 0
218, 12820.291461681643, 0
219, 12820.291461681643, 0
220, 12820.291461681643, 0
221, 12820.291461681643, 0
222, 12820.291461681643, 0
223, 12820.291461681643, 0
224, 12820.291461681643, 0
225, 12820.291461681643, 0
226, 12820.291461681643, 0
227, 12820.291461681643, 0
228, 12820.291461681643, 0
229, 12820.291461681643, 0
230, 12820.291461681643, 0
231, 12820.291461681643, 0
232, 12820.291461681643, 0
233, 12820.291461681643, 0
234, 12820.291461681643, 0
235, 12820.291461681643, 0
236, 12820.291461681643, 0
237, 12749.434964386573, 0
238, 12749.434964386573, 0
239, 12749.434964386573, 0
240, 12749.434964386573, 0
241, 12749.434964386573, 0
242, 12749.434964386573, 0
243, 12749.434964386573, 0
244, 12749.434964386573, 0
245, 12749.434964386573, 0
246, 12749.434964386573, 0
247, 12749.434964386573, 0
248, 12749.434964386573, 0
249, 12749.434964386573, 0
250, 12749.434964386573, 0
251, 12749.434964386573, 0
252, 12749.434964386573, 0
253, 12749.434964386573, 0
254, 12749.434964386573, 0
255, 12749.434964386573, 0
256, 12749.434964386573, 0
257, 12749.434964386573, 0
258, 12749.434964386573, 0
259, 12749.434964386573, 0
260, 12749.434964386573, 0
261, 12749.434964386573, 0
262, 12749.434964386573, 0
263, 12749.434964386573, 0
264, 12749.434964386573, 0
265, 12749.434964386573, 0
266, 12749.434964386573, 0
267, 12749.434964386573, 0
268, 12749.434964386573, 0
269, 12749.434964386573, 0
270, 12749.434964386573, 0
271, 12749.434964386573, 0
272, 12749.434964386573, 0
273, 12749.434964386573, 0
274, 12749.434964386573, 0
275, 12749.434964386573, 0
276, 12749.434964386573, 0
277, 12749.434964386573, 0
278, 12749.434964386573, 0
279, 12749.434964386573, 0
280, 12749.434964386573, 0
281, 12749.434964386573, 0
282, 12749.434964386573, 0
283, 12749.434964386573, 0
284, 12749.434964386573, 0
285, 12749.434964386573, 0
286, 12749.434964386573, 0
287, 12749.434964386573, 0
288, 12749.434964386573, 0
289, 12749.434964386573, 0
290, 12749.434964386573, 0
291, 12749.434964386573, 0
292, 12749.434964386573, 0
293, 12749.434964386573, 0
294, 12749.434964386573, 0
295, 12749.434964386573, 0
296, 12749.434964386573, 0
297, 12749.434964386573, 0
298, 12749.434964386573, 0
299, 12749.434964386573, 0
300, 12749.434964386573, 0
301, 12749.434964386573, 0
302, 12749.434964386573, 0
303, 12749.434964386573, 0
304, 12749.434964386573, 0
305, 12749.434964386573, 0
306, 12749.434964386573, 0
307, 12749.434964386573, 0
308, 12749.434964386573, 0
309, 12749.434964386573, 0
310, 12749.434964386573, 0
311, 12749.434964386573, 0
312, 12749.434964386573, 0
313, 12749.434964386573, 0
314, 12749.434964386573, 0
315, 12749.434964386573, 0
316, 12749.434964386573, 0
317, 12749.434964386573, 0
318, 12749.434964386573, 0
319, 12749.434964386573, 0
320, 12749.434964386573, 0
321, 12749.434964386573, 0
322, 12749.434964386573, 0
323, 12749.434964386573, 0
324, 12749.434964386573, 0
325, 12749.434964386573, 0
326, 12749.434964386573, 0
327, 12749.434964386573, 0
328, 12749.434964386573, 0
329, 12749.434964386573, 0
330, 12749.434964386573, 0
331, 12749.434964386573, 0
332, 12749.434964386573, 0
333, 12749.434964386573, 0
334, 12749.434964386573, 0
335, 12749.434964386573, 0
336, 12749.434964386573, 0
337, 12749.434964386573, 0
338, 12749.434964386573, 0
339, 12749.434964386573, 0
340, 12749.434964386573, 0
341, 12749.434964386573, 0
342, 12749.434964386573, 0
343, 12749.434964386573, 0
344, 12749.434964386573, 0
345, 12749.434964386573, 0
346, 12749.434964386573, 0
347, 12749.434964386573, 0
348, 12749.434964386573, 0
349, 12749.434964386573, 0
350, 12749.434964386573, 0
351, 12749.434964386573, 0
352, 12749.434964386573, 0
353, 12749.434964386573, 0
354, 12749.434964386573, 0
355, 12749.434964386573, 0
356, 11846.900766595363, 0
357, 11846.900766595363, 0
358, 11846.900766595363, 0
359, 11846.900766595363, 0
360, 11846.900766595363, 0
361, 11846.900766595363, 0
362, 11846.900766595363, 0
363, 11846.900766595363, 0
364, 11846.900766595363, 0
365, 11846.900766595363, 0
366, 11846.900766595363, 0
367, 11846.900766595363, 0
368, 11846.900766595363, 0
369, 11846.900766595363, 0
370, 11846.900766595363, 0
371, 11846.900766595363, 0
372, 11846.900766595363, 0
373, 11846.900766595363, 0
374, 11846.900766595363, 0
375, 11846.900766595363, 0
376, 11846.900766595363, 0
377, 11846.900766595363, 0
378, 11846.900766595363, 0
379, 11846.900766595363, 0
380, 11846.900766595363, 0
381, 11846.900766595363, 0
382, 11846.900766595363, 0
383, 11846.900766595363, 0
384, 11846.900766595363, 0
385, 11846.900766595363, 0
386, 11846.900766595363, 0
387, 11846.900766595363, 0
388, 11846.900766595363, 0
389, 11846.900766595363, 0
390, 11846.900766595363, 0
391, 11846.900766595363, 0
392, 11846.900766595363, 0
393, 11846.900766595363, 0
394, 11846.900766595363, 0
395, 11846.900766595363, 0
396, 11846.900766595363, 0
397, 11846.900766595363, 0
398, 11846.900766595363, 0
399, 11846.900766595363, 0
400, 11846.900766595363, 0
401, 11846.900766595363, 0
402, 11846.900766595363, 0
403, 11846.900766595363, 0
404, 11846.900766595363, 0
405, 11846.900766595363, 0
406, 11846.900766595363, 0
407, 11846.900766595363, 0
408, 11846.900766595363, 0
409, 11846.900766595363, 0
410, 11846.900766595363, 0
411, 11846.900766595363, 0
412, 11846.900766595363, 0
413, 11846.900766595363, 0
414, 11846.900766595363, 0
415, 11846.900766595363, 0
416, 11846.900766595363, 0
417, 11846.900766595363, 0
418, 11846.900766595363, 0
419, 11793.717807800682, 0
420, 11793.717807800682, 0
421, 11793.717807800682, 0
422, 11793.717807800682, 0
423, 11793.717807800682, 0
424, 11793.717807800682, 0
425, 11793.717807800682, 0
426, 11793.717807800682, 0
427, 11793.717807800682, 0
428, 11793.717807800682, 0
429, 11793.717807800682, 0
430, 11793.717807800682, 0
431, 11793.717807800682, 0
432, 11306.131130539226, 0
433, 11306.131130539226, 0
434, 11306.131130539226, 0
435, 11306.131130539226, 0
436, 11306.131130539226, 0
437, 11306.131130539226, 0
438, 11306.131130539226, 0
439, 11306.131130539226, 0
440, 11306.131130539226, 0
441, 11306.131130539226, 0
442, 11306.131130539226, 0
443, 11306.131130539226, 0
444, 11306.131130539226, 0
445, 11306.131130539226, 0
446, 11306.131130539226, 0
447, 11306.131130539226, 0
448, 11306.131130539226, 0
449, 11306.131130539226, 0
450, 11306.131130539226, 0
451, 11306.131130539226, 0
452, 11306.131130539226, 0
453, 11306.131130539226, 0
454, 11306.131130539226, 0
455, 11306.131130539226, 0
456, 11306.131130539226, 0
457, 11306.131130539226, 0
458, 11306.131130539226, 0
459, 11306.131130539226, 0
460, 11306.131130539226, 0
461, 11306.131130539226, 0
462, 11306.131130539226, 0
463, 11306.131130539226, 0
464, 11306.131130539226, 0
465, 11306.131130539226, 0
466, 11306.131130539226, 0
467, 11306.131130539226, 0
468, 11306.131130539226, 0
469, 11306.131130539226, 0
470, 11306.131130539226, 0
471, 11306.131130539226, 0
472, 11306.131130539226, 0
473, 11306.131130539226, 0
474, 11306.131130539226, 0
475, 11306.131130539226, 0
476, 11306.131130539226, 0
477, 11306.131130539226, 0
478, 11306.131130539226, 0
479, 11306.131130539226, 0
480, 11306.131130539226, 0
481, 11306.131130539226, 0
482, 11306.131130539226, 0
483, 11306.131130539226, 0
484, 11306.131130539226, 0
485, 11306.131130539226, 0
486, 11306.131130539226, 0
487, 11306.131130539226, 0
488, 11306.131130539226, 0
489, 11306.131130539226, 0
490, 11306.131130539226, 0
491, 11306.131130539226, 0
492, 11306.131130539226, 0
493, 11306.131130539226, 0
494, 11306.131130539226, 0
495, 11306.131130539226, 0
496, 11306.131130539226, 0
497, 11306.131130539226, 0
498, 11306.131130539226, 0
499, 11306.131130539226, 0
500, 11306.131130539226, 0
501, 11306.131130539226, 0
502, 11306.131130539226, 0
503, 11306.131130539226, 0
504, 11306.131130539226, 0
505, 11306.131130539226, 0
506, 11306.131130539226, 0
507, 11306.131130539226, 0
508, 11306.131130539226, 0
509, 11306.131130539226, 0
510, 11306.131130539226, 0
511, 11306.131130539226, 0
512, 11306.131130539226, 0
513, 11306.131130539226, 0
514, 11306.131130539226, 0
515, 11306.131130539226, 0
516, 11306.131130539226, 0
517, 11306.131130539226, 0
518, 11306.131130539226, 0
519, 11306.131130539226, 0
520, 11306.131130539226, 0
521, 11306.131130539226, 0
522, 11306.131130539226, 0
523, 11306.131130539226, 0
524, 11306.131130539226, 0
525, 11306.131130539226, 0
526, 11306.131130539226, 0
527, 11306.131130539226, 0
528, 11306.131130539226, 0
529, 11306.131130539226, 0
530, 11306.131130539226, 0
531, 11306.131130539226, 0
532, 11306.131130539226, 0
533, 11306.131130539226, 0
534, 11306.131130539226, 0
535, 11306.131130539226, 0
536, 11306.131130539226, 0
537, 11306.131130539226, 0
538, 11306.131130539226, 0
539, 11306.131130539226, 0
540, 11306.131130539226, 0
541, 11306.131130539226, 0
542, 11306.131130539226, 0
543, 11306.131130539226, 0
544, 11306.131130539226, 0
545, 11306.131130539226, 0
546, 11306.131130539226, 0
547, 11306.131130539226, 0
548, 11306.131130539226, 0
549, 11306.131130539226, 0
550, 11306.131130539226, 0
551, 11306.131130539226, 0
552, 11306.131130539226, 0
553, 11306.131130539226, 0
554, 11306.131130539226, 0
555, 11306.131130539226, 0
556, 11306.131130539226, 0
557, 11306.131130539226, 0
558, 11306.131130539226, 0
559, 11306.131130539226, 0
560, 11306.131130539226, 0
561, 11306.131130539226, 0
562, 11306.131130539226, 0
563, 11306.131130539226, 0
564, 11306.131130539226, 0
565, 11306.131130539226, 0
566, 11306.131130539226, 0
567, 11306.131130539226, 0
568, 11306.131130539226, 0
569, 11306.131130539226, 0
570, 11306.131130539226, 0
571, 11306.131130539226, 0
572, 11306.131130539226, 0
573, 11306.131130539226, 0
574, 11306.131130539226, 0
575, 11306.131130539226, 0
576, 11306.131130539226, 0
577, 11306.131130539226, 0
578, 11306.131130539226, 0
579, 11306.131130539226, 0
580, 11306.131130539226, 0
581, 11306.131130539226, 0
582, 11306.131130539226, 0
583, 11306.131130539226, 0
584, 11306.131130539226, 0
585, 11306.131130539226, 0
586, 11306.131130539226, 0
587, 11306.131130539226, 0
588, 11306.131130539226, 0
589, 11306.131130539226, 0
590, 11306.131130539226, 0
591, 11306.131130539226, 0
592, 11306.131130539226, 0
593, 11306.131130539226, 0
594, 11306.131130539226, 0
595, 11306.131130539226, 0
596, 11306.131130539226, 0
597, 11306.131130539226, 0
598, 11306.131130539226, 0
599, 11306.131130539226, 0
600, 11306.131130539226, 0
601, 11306.131130539226, 0
602, 11306.131130539226, 0
603, 11306.131130539226, 0
604, 11306.131130539226, 0
605, 11306.131130539226, 0
606, 11306.131130539226, 0
607, 11306.131130539226, 0
608, 11306.131130539226, 0
609, 11306.131130539226, 0
610, 11306.131130539226, 0
611, 11306.131130539226, 0
612, 11306.131130539226, 0
613, 11306.131130539226, 0
614, 11306.131130539226, 0
615, 11306.131130539226, 0
616, 11306.131130539226, 0
617, 11306.131130539226, 0
618, 11306.131130539226, 0
619, 11306.131130539226, 0
620, 11306.131130539226, 0
621, 11306.131130539226, 0
622, 11306.131130539226, 0
623, 11306.131130539226, 0
624, 11306.131130539226, 0
625, 11306.131130539226, 0
626, 11306.131130539226, 0
627, 11306.131130539226, 0
628, 11306.131130539226, 0
629, 11306.131130539226, 0
630, 11306.131130539226, 0
631, 11306.131130539226, 0
632, 11306.131130539226, 0
633, 11306.131130539226, 0
634, 11306.131130539226, 0
635, 11306.131130539226, 0
636, 11306.131130539226, 0
637, 11306.131130539226, 0
638, 11306.131130539226, 0
639, 11306.131130539226, 0
640, 11306.131130539226, 0
641, 11306.131130539226, 0
642, 11306.131130539226, 0
643, 11306.131130539226, 0
644, 11306.131130539226, 0
645, 11306.131130539226, 0
646, 11306.131130539226, 0
647, 11306.131130539226, 0
648, 11306.131130539226, 0
649, 11306.131130539226, 0
650, 11306.131130539226, 0
651, 11306.131130539226, 0
652, 11306.131130539226, 0
653, 11306.131130539226, 0
654, 11306.131130539226, 0
655, 11306.131130539226, 0
656, 11306.131130539226, 0
657, 11306.131130539226, 0
658, 11306.131130539226, 0
659, 11306.131130539226, 0
660, 11306.131130539226, 0
661, 11306.131130539226, 0
662, 11306.131130539226, 0
663, 11306.131130539226, 0
664, 11306.131130539226, 0
665, 11306.131130539226, 0
666, 11306.131130539226, 0
667, 11306.131130539226, 0
668, 11306.131130539226, 0
669, 11306.131130539226, 0
670, 11306.131130539226, 0
671, 11306.131130539226, 0
672, 11306.131130539226, 0
673, 11306.131130539226, 0
674, 11306.131130539226, 0
675, 11306.131130539226, 0
676, 11306.131130539226, 0
677, 11306.131130539226, 0
678, 11306.131130539226, 0
679, 11306.131130539226, 0
680, 11306.131130539226, 0
681, 11306.131130539226, 0
682, 11306.131130539226, 0
683, 11306.131130539226, 0
684, 11306.131130539226, 0
685, 11306.131130539226, 0
686, 11306.131130539226, 0
687, 11306.131130539226, 0
688, 11306.131130539226, 0
689, 11306.131130539226, 0
690, 11306.131130539226, 0
691, 11306.131130539226, 0
692, 11306.131130539226, 0
693, 11306.131130539226, 0
694, 11306.131130539226, 0
695, 11306.131130539226, 0
696, 11306.131130539226, 0
697, 11306.131130539226, 0
698, 11306.131130539226, 0
699, 11306.131130539226, 0
700, 11306.131130539226, 0
701, 11306.131130539226, 0
702, 11306.131130539226, 0
703, 11306.131130539226, 0
704, 11306.131130539226, 0
705, 11306.131130539226, 0
706, 11306.131130539226, 0
707, 11306.131130539226, 0
708, 11306.131130539226, 0
709, 11306.131130539226, 0
710, 11306.131130539226, 0
711, 11306.131130539226, 0
712, 11306.131130539226, 0
713, 11306.131130539226, 0
714, 11306.131130539226, 0
715, 11306.131130539226, 0
716, 11306.131130539226, 0
717, 11306.131130539226, 0
718, 11306.131130539226, 0
719, 11306.131130539226, 0
720, 11306.131130539226, 0
721, 11306.131130539226, 0
722, 11306.131130539226, 0
723, 11306.131130539226, 0
724, 11306.131130539226, 0
725, 11306.131130539226, 0
726, 11306.131130539226, 0
727, 11306.131130539226, 0
728, 11306.131130539226, 0
729, 11306.131130539226, 0
730, 11306.131130539226, 0
731, 11306.131130539226, 0
732, 11306.131130539226, 0
733, 11306.131130539226, 0
734, 11306.131130539226, 0
735, 11306.131130539226, 0
736, 11306.131130539226, 0
737, 11306.131130539226, 0
738, 11306.131130539226, 0
739, 11306.131130539226, 0
740, 11306.131130539226, 0
741, 11306.131130539226, 0
742, 11306.131130539226, 0
743, 11306.131130539226, 0
744, 11306.131130539226, 0
745, 11306.131130539226, 0
746, 11306.131130539226, 0
747, 11306.131130539226, 0
748, 11306.131130539226, 0
749, 11306.131130539226, 0
750, 11306.131130539226, 0
751, 11306.131130539226, 0
752, 11306.131130539226, 0
753, 11306.131130539226, 0
754, 11306.131130539226, 0
755, 11306.131130539226, 0
756, 11306.131130539226, 0
757, 11306.131130539226, 0
758, 11306.131130539226, 0
759, 11306.131130539226, 0
760, 11306.131130539226, 0
761, 11306.131130539226, 0
762, 11306.131130539226, 0
763, 11306.131130539226, 0
764, 11306.131130539226, 0
765, 11306.131130539226, 0
766, 11306.131130539226, 0
767, 11306.131130539226, 0
768, 11306.131130539226, 0
769, 11306.131130539226, 0
770, 11306.131130539226, 0
771, 11306.131130539226, 0
772, 11306.131130539226, 0
773, 11306.131130539226, 0
774, 11306.131130539226, 0
775, 11306.131130539226, 0
776, 11306.131130539226, 0
777, 11306.131130539226, 0
778, 11306.131130539226, 0
779, 11306.131130539226, 0
780, 11306.131130539226, 0
781, 11306.131130539226, 0
782, 11306.131130539226, 0
783, 11306.131130539226, 0
784, 11306.131130539226, 0
785, 11306.131130539226, 0
786, 11306.131130539226, 0
787, 11306.131130539226, 0
788, 11306.131130539226, 0
789, 11306.131130539226, 0
790, 11306.131130539226, 0
791, 11306.131130539226, 0
792, 11306.131130539226, 0
793, 11306.131130539226, 0
794, 11306.131130539226, 0
795, 11306.131130539226, 0
796, 11306.131130539226, 0
797, 11306.131130539226, 0
798, 11306.131130539226, 0
799, 11306.131130539226, 0
800, 11306.131130539226, 0
801, 11306.131130539226, 0
802, 11306.131130539226, 0
803, 11306.131130539226, 0
804, 11306.131130539226, 0
805, 11306.131130539226, 0
806, 11306.131130539226, 0
807, 11306.131130539226, 0
808, 11306.131130539226, 0
809, 11306.131130539226, 0
810, 11306.131130539226, 0
811, 11306.131130539226, 0
812, 11306.131130539226, 0
813, 11306.131130539226, 0
814, 11306.131130539226, 0
815, 11306.131130539226, 0
816, 11306.131130539226, 0
817, 11306.131130539226, 0
818, 11306.131130539226, 0
819, 11306.131130539226, 0
820, 11306.131130539226, 0
821, 11306.131130539226, 0
822, 11306.131130539226, 0
823, 11306.131130539226, 0
824, 11306.131130539226, 0
825, 11306.131130539226, 0
826, 11306.131130539226, 0
827, 11306.131130539226, 0
828, 11306.131130539226, 0
829, 11306.131130539226, 0
830, 11306.131130539226, 0
831, 11306.131130539226, 0
832, 11306.131130539226, 0
833, 11306.131130539226, 0
834, 11306.131130539226, 0
835, 11306.131130539226, 0
836, 11306.131130539226, 0
837, 11306.131130539226, 0
838, 11306.131130539226, 0
839, 11306.131130539226, 0
840, 11306.131130539226, 0
841, 11306.131130539226, 0
842, 11306.131130539226, 0
843, 11306.131130539226, 0
844, 11306.131130539226, 0
845, 11306.131130539226, 0
846, 11306.131130539226, 0
847, 11306.131130539226, 0
848, 11306.131130539226, 0
849, 11306.131130539226, 0
850, 11306.131130539226, 0
851, 11306.131130539226, 0
852, 11306.131130539226, 0
853, 11306.131130539226, 0
854, 11306.131130539226, 0
855, 11306.131130539226, 0
856, 11306.131130539226, 0
857, 11306.131130539226, 0
858, 11306.131130539226, 0
859, 11306.131130539226, 0
860, 11306.131130539226, 0
861, 11306.131130539226, 0
862, 11306.131130539226, 0
863, 11306.131130539226, 0
864, 11306.131130539226, 0
865, 11306.131130539226, 0
866, 11306.131130539226, 0
867, 11306.131130539226, 0
868, 11306.131130539226, 0
869, 11306.131130539226, 0
870, 11306.131130539226, 0
871, 11306.131130539226, 0
872, 11306.131130539226, 0
873, 11306.131130539226, 0
874, 11306.131130539226, 0
875, 11306.131130539226, 0
876, 11306.131130539226, 0
877, 11306.131130539226, 0
878, 11306.131130539226, 0
879, 11306.131130539226, 0
880, 11306.131130539226, 0
881, 11306.131130539226, 0
882, 11306.131130539226, 0
883, 11306.131130539226, 0
884, 11306.131130539226, 0
885, 11306.131130539226, 0
886, 11306.131130539226, 0
887, 11306.131130539226, 0
888, 11306.131130539226, 0
889, 11306.131130539226, 0
890, 11306.131130539226, 0
891, 11306.131130539226, 0
892, 11306.131130539226, 0
893, 11306.131130539226, 0
894, 11306.131130539226, 0
895, 11306.131130539226, 0
896, 11306.131130539226, 0
897, 11306.131130539226, 0
898, 11306.131130539226, 0
899, 11306.131130539226, 0
900, 11306.131130539226, 0
901, 11306.131130539226, 0
902, 11306.131130539226, 0
903, 11306.131130539226, 0
904, 11306.131130539226, 0
905, 11306.131130539226, 0
906, 11306.131130539226, 0
907, 11306.131130539226, 0
908, 11306.131130539226, 0
909, 11306.131130539226, 0
910, 11306.131130539226, 0
911, 11306.131130539226, 0
912, 11306.131130539226, 0
913, 11306.131130539226, 0
914, 11306.131130539226, 0
915, 11306.131130539226, 0
916, 11306.131130539226, 0
917, 11306.131130539226, 0
918, 11306.131130539226, 0
919, 11306.131130539226, 0
920, 11306.131130539226, 0
921, 11306.131130539226, 0
922, 11306.131130539226, 0
923, 11306.131130539226, 0
924, 11306.131130539226, 0
925, 11306.131130539226, 0
926, 11306.131130539226, 0
927, 11306.131130539226, 0
928, 11306.131130539226, 0
929, 11306.131130539226, 0
930, 11306.131130539226, 0
931, 11306.131130539226, 0
932, 11306.131130539226, 0
933, 11306.131130539226, 0
934, 11306.131130539226, 0
935, 11306.131130539226, 0
936, 11306.131130539226, 0
937, 11306.131130539226, 0
938, 11306.131130539226, 0
939, 11306.131130539226, 0
940, 11306.131130539226, 0
941, 11306.131130539226, 0
942, 11306.131130539226, 0
943, 11306.131130539226, 0
944, 11306.131130539226, 0
945, 11306.131130539226, 0
946, 11306.131130539226, 0
947, 11306.131130539226, 0
948, 11306.131130539226, 0
949, 11306.131130539226, 0
950, 11306.131130539226, 0
951, 11306.131130539226, 0
952, 11306.131130539226, 0
953, 11306.131130539226, 0
954, 11306.131130539226, 0
955, 11306.131130539226, 0
956, 11306.131130539226, 0
957, 11306.131130539226, 0
958, 11306.131130539226, 0
959, 11306.131130539226, 0
960, 11306.131130539226, 0
961, 11306.131130539226, 0
962, 11306.131130539226, 0
963, 11306.131130539226, 0
964, 11306.131130539226, 0
965, 11306.131130539226, 0
966, 11306.131130539226, 0
967, 11306.131130539226, 0
968, 11306.131130539226, 0
969, 11306.131130539226, 0
970, 11306.131130539226, 0
971, 11306.131130539226, 0
972, 11306.131130539226, 0
973, 11306.131130539226, 0
974, 11306.131130539226, 0
975, 11306.131130539226, 0
976, 11306.131130539226, 0
977, 11306.131130539226, 0
978, 11306.131130539226, 0
979, 11306.131130539226, 0
980, 11306.131130539226, 0
981, 11306.131130539226, 0
982, 11306.131130539226, 0
983, 11306.131130539226, 0
984, 11306.131130539226, 0
985, 11306.131130539226, 0
986, 11306.131130539226, 0
987, 11306.131130539226, 0
988, 11306.131130539226, 0
989, 11306.131130539226, 0
990, 11306.131130539226, 0
991, 11306.131130539226, 0
992, 11306.131130539226, 0
993, 11306.131130539226, 0
994, 11306.131130539226, 0
995, 11306.131130539226, 0
996, 11306.131130539226, 0
997, 11306.131130539226, 0
998, 11306.131130539226, 0
999, 11306.131130539226, 0
1000, 11306.131130539226, 0
1001, 11306.131130539226, 0